nro,dependencia
1,AGENCIA NAC. DE EVALUAC. Y ACRED. DE LA EDUC. SUPERIOR (ANEAES)
2,BIBLIOTECA PUBLICA
3,BIBLIOTECA PUBLICA EMILIO Y CAYO ROMERO PEREIRA
4,BIBLIOTECA PUBLICA - PARAGUARI
5,CENT.DE REHABILITACION Y REC.PEDAG. NUEVA LUZ
6,CENTRO 7-136
7,CENTRO DE APOYO A LA EDUC. INCLUSIVA Y SOCIAL
8,CENTRO DE CAPACITACION TECNICA
9,CENTRO DE EDUCACION BASICA PARA PERSONAS JOVENES Y ADULTAS
10,CENTRO DE EDUCACION INTEGRAL DE LUQUE
11,CENTRO DE EDUC. ESP. DANIEL ROTELA SALINAS
12,CENTRO DE EDUC. ESPECIAL DE BENJAMIN ACEVAL
13,CENTRO DE EDUC. ESP. SAN MIGUEL
14,CENTRO DE ENT.VOC. PDTE. CARLOS A. LOPEZ
15,CENTRO DE FORM. LABORAL P/PERS.DISCAPAC.
16,CENTRO DE INFORMACION Y ATENCION A LA CIUDADANIA (CIAC)
17,CENTRO DE INVESTIGACION E INNOVACION EDUCATIVA - CIIE
18,CENTRO DE RECURSOS PARA LA EDUC. PERMANENTE
19,CENTRO DE RECURSOS P/LA EDUC. PERMANENTE 1
20,CENTRO DE RECURSOS P/LA EDUC. PERMANENTE Nº 9
21,CENTRO DE REHABILITACION PARA PERSONAS CIEGAS
22,CENTRO DIVINA ESPERANZA
23,CENTRO EDUCATIVO 4865 CAMPO VERDE
24,CENTRO EDUCATIVO ANTONIO PROVOLO
25,CENTRO EDUCATIVO INFANTIL Nº 7864 'TALENTITOS'
26,CENTRO EDUCATIVO INTEGRAL  'MARIA AUXILIADORA'
27,CENTRO EDUCATIVO LOMAS VALENTINAS
28,CENTRO EDUCATIVO SOS HERMANN GMEINER ASUNCION
29,CENTRO EDUC. DEPARTAMENTAL 'MIGUELA RODRIGUEZ'
30,CENTRO EDUC. DEP. MUNIC. VIRGEN DE LA MERDED
31,CENTRO INTEG. DE EDUC.ESP. DON HECTOR DUARTE
32,CENTRO N° 10 'VICTORINA CABALLERO'
33,CENTRO NO. 10-83
34,CENTRO NO. 10-85
35,CENTRO NO. 11-08
36,CENTRO NO. 11-186 CNEL. LUIS CAMINOS
37,CENTRO NO. 11-331
38,CENTRO NO. 11-83 PABLO P. BOGARIN
39,CENTRO NO. 137 ***CLAUSURADO***
40,CENTRO NO. 150
41,CENTRO NO. 5-197
42,CENTRO NO. 5 SRA. ANTONIA LOMBARDI DE JARA
43,CENTRO NO. 6-72
44,CENTRO NO. 6 RCA. DE COLOMBIA
45,CENTRO NO. 72 DOMINGO SAVIO
46,CENTRO NO. 81 NTRA. SRA. DE LA ASUNCION
47,CENTRO REGIONAL DE EDUCACION DR. RAUL PEÑA
48,CENTRO REGIONAL DE EDUCACIÓN MCAL. FRANCISCO S. LOPEZ
49,CENTRO REGIONALDE  EDUCACION NATALICIO TALAVERA
50,CENTRO REGIONAL EDUCATIVO DR. JOSE GASPAR R. DE FRANCIA
51,CENTRO REGIONAL EDUCATIVO GRAL. PATRICIO ESCOBAR
52,CENTRO REGIONAL EDUCATIVO JUAN E. O' LEARY
53,C.N.E.M.D. 1ER. INTENDENTE MUNICIPAL
54,C.N.E.M.D. ARQ. TOMAS ROMERO PEREIRA
55,C.N.E.M.D. DR. EDUARDO ALVARIN ROMERO
56,C.N.E.M.D. DR. PEDRO P. PEÑA
57,C.N.E.M.D. DR. RAUL PEÑA
58,C.N.E.M.D. GRAL. BERNARDINO CABALLERO
59,C.N.E.M.D. JUAN RAMON DAHLQUIST
60,C.N.E.M.D. MARISCAL JOSE FELIX ESTIGARRIBIA
61,C.N.E.M.D. MCAL. FRANCISCO SOLANO LOPEZ
62,C.N.E.M.D. NTRA. SRA. DE LA ASUNCION
63,C. N. E. M. D. NTRA. SRA. STELLA MARIS
64,C.N.E.M.D. SAN MARTIN
65,C.N.E.M.D. SAN ROQUE GONZALEZ DE SANTA CRUZ
66,C.N.E.M.D. SANTISIMA TRINIDAD
67,C.N.E.M.D. VICE PRESIDENTE SANCHEZ
68,C. N. E. M. D. YSATY
69,COL. AMAMBAY
70,COL. CATOL. PRIV. SUB. SAN ALFONSO
71,COL. CRISTO REY
72,COL. DEFENSORES DEL CHACO
73,COL. DIOCESANO MISIONERO
74,COL. DON ALBINO OZUNA TORRES
75,COLEGIO JOHANNES GUTEMBERG
76,COLEGIO NACIONAL 12 DE ABRIL
77,COLEGIO NACIONAL ACOSTA ÑU
78,COLEGIO NACIONAL AGUSTIN BARRIOS
79,COLEGIO NACIONAL AMADO BITTAR
80,COLEGIO NACIONAL AVAY
81,COLEGIO NACIONAL CANDIDA ACHUCARRO
82,COLEGIO NACIONAL CAÑADA LA PAZ
83,COLEGIO NACIONAL CERRITO
84,COLEGIO NACIONAL CERRO MEMBY
85,COLEGIO NACIONAL COMANDANTE EDUARDO RAMIREZ
86,COLEGIO NACIONAL CPTAN.GUMERCINDO SOSA
87,COLEGIO NACIONAL DE ALFONSO CUE
88,COLEGIO NACIONAL DE CURUPAYTY
89,COLEGIO NACIONAL DOMINGO MARTINEZ DE IRALA
90,COLEGIO NACIONAL DON DOMINGO DELVALLE ALONSO
91,COLEGIO NACIONAL DOÑA LAURA RAMIREZ DE NOGUERA
92,COLEGIO NACIONAL DOÑA LIDIA ALVARENGA
93,COLEGIO NACIONAL DR. WALTER ENRIQUE INSFRAN
94,COLEGIO NACIONAL ESTEBAN MEDINA
95,COLEGIO NACIONAL FELICIANO VERA
96,COLEGIO NACIONAL GENESIS
97,COLEGIO NACIONAL GUAZU ROCAI
98,COLEGIO NACIONAL HEROES DEL CHACO
99,COLEGIO NACIONAL HUMBERTO DOMINGUEZ DIBB
100,COLEGIO NACIONAL ING. FELIX IBARRA LLANO
101,COLEGIO NACIONAL INMACULADA CONCEPCION DE MARIA
102,COLEGIO NACIONAL JOSE DEL ROSARIO PAVON
103,COLEGIO NACIONAL JOSE DOLORES GONZALEZ
104,COLEGIO NACIONAL LEONISMO PARAGUAYO
105,COLEGIO NACIONAL MARIA AUXILIADORA
106,COLEGIO NACIONAL MARTIRES DE CERRO CORA
107,COLEGIO NACIONAL MAYOR ENRIQUE J. PLANAS
108,COLEGIO NACIONAL MAYOR JULIO D. OTAÑO
109,COLEGIO NACIONAL MCAL.FRANCISCO SOLANO LOPEZ
110,COLEGIO NACIONAL MCAL. JOSE FELIX ESTIGARRIBIA
111,COLEGIO NACIONAL  MEDALLA MILAGROSA
112,COLEGIO NACIONAL NARANJAL
113,COLEGIO NACIONAL PEDROZO
114,COLEGIO NACIONAL PERPETUO SOCORRO
115,COLEGIO NACIONAL PIRARETA
116,COLEGIO NACIONAL POTRERITO YBATE
117,COLEGIO NACIONAL PROF. IDALINA SERVIN FRANCO
118,COLEGIO NACIONAL PROF. JUSTO GERMAN FRANCO GOMEZ
119,COLEGIO NACIONAL PROF.  MANUEL AYALA
120,COLEGIO NACIONAL PROF. SINDULFO M. RODRIGUEZ
121,COLEGIO NACIONAL PUERTO FONCIERE
122,COLEGIO NACIONAL 'REPUBLICA DEL SALVADOR'
123,COLEGIO NACIONAL REPUBLICA DOMINICANA
124,COLEGIO NACIONAL SAGRADO CORAZON DE JESUS
125,COLEGIO NACIONAL SAN ANTONIO
126,COLEGIO NACIONAL SAN CRISTOBAL
127,COLEGIO NACIONAL SAN FRANCISCO
128,COLEGIO NACIONAL SAN ISIDRO
129,COLEGIO NACIONAL 'SAN JORGE'
130,COLEGIO NACIONAL  SAN JOSE
131,COLEGIO NACIONAL SAN JOSE
132,COLEGIO NACIONAL SAN JOSE OBRERO
133,COLEGIO NACIONAL SAN JUAN
134,COLEGIO NACIONAL SAN JUAN BAUTISTA
135,COLEGIO NACIONAL SAN LAZARO
136,COLEGIO NACIONAL SAN SOLANO
137,COLEGIO NACIONAL SANTA BARBARA
138,COLEGIO NACIONAL SANTA CLARA
139,COLEGIO NACIONAL SANTA INES
140,COLEGIO NACIONAL SANTA MARIA
141,COLEGIO NACIONAL SANTA TERESITA
142,COLEGIO NACIONAL SGTO. FRANCISCO MONTANIA
143,COLEGIO NACIONAL VIRGEN DEL ROSARIO
144,COLEGIO NACIONAL YCUA PORA
145,COLEGIO NACIONAL YJHOVY
146,COLEGIO NAC. 'JOHN F. KENNEDY'
147,COLEGIO NUESTRA SEÑORA DE FATIMA
148,COLEGIO PARROQUIAL PRIV. SUBV. 'SAN JOSE'
149,COLEGIO PRIV. SUBVENCIONADO 'SAN BLAS'
150,COLEGIO TECNICO JUAN XXIII
151,COLEGIO TECNICO NACIONAL
152,COLEGIO 'VILLA DE LAS MADRES'
153,COL. ESTANISLAO AGUILERA
154,COL. FE Y ALEGRIA
155,COL. GRAL. IGNACIO GENES
156,COL. INDIGENA YALVE SANGA
157,COL. ING. ZOILO RODAS ORTIZ
158,COL. JORGE ALBERTO ROJAS RAMIREZ
159,COL. MANUEL ORTIZ GUERRERO
160,COL. NAC. 12 DE JUNIO
161,COL. NAC. 1º DE MARZO
162,COL. NAC. 3 DE FEBRERO
163,COL. NAC. 8 DE DICIEMBRE
164,COL. NAC. ADELA LICHI DE RACHID
165,COL. NAC. ADELA SPERATTI
166,COL. NAC. AGUAI'Y
167,COL. NAC. AGUSTINA MIRANDA GONZALEZ
168,COL. NAC. AGUSTIN FERNANDO DE PINEDO
169,COL. NAC. ALEJO GARCIA
170,COL. NAC. ALEJO JUAN MARTIN ROBADIN
171,COL. NAC. ALFONSO TRANQUERA
172,COL. NAC. ALVAR NUÑEZ CABEZA DE VACA
173,COL. NAC. ANTOLIN IRALA
174,COL. NAC. APE AIME
175,COL. NAC. ARQ. DON TOMAS ROMERO PEREIRA
176,COL. NAC. ARROYO MOROTI
177,COL. NAC. BARCEQUILLO
178,COL. NAC. BATALLON ESCOLTA PRESIDENCIAL
179,COL. NAC. BEATO LUIS GUANELLA
180,COL. NAC. BERNARDINO CABALLERO
181,COL. NAC. BLANCA S. DE TALAVERA
182,COL. NAC. BRASIL CUE
183,COL. NAC. CAAMINDY
184,COL. NAC. CACIQUE LAMBARE
185,COL. NAC. CADETES DEL CHACO
186,COL. NAC. CALIXTRO
187,COL. NAC. CAMPO NUEVE
188,COL. NAC. CAP. DE NAVIO PEDRO I. MEZA
189,COL. NAC. CAPIITINDY
190,COL. NAC. CAPITAN GIMENEZ
191,COL. NAC. CAPITAN MAURICIO JOSE TROCHE
192,COL. NAC. CAPITAN NICANOR TORALES
193,COL. NAC. CAPITAN PEDRO JUAN CABALLERO
194,COL. NAC. CAP. PEDRO JUAN CABALLERO
195,COL. NAC. CARACARAI
196,COL. NAC. CARLOS A. LOPEZ
197,COL. NAC. CARLOS ANTONIO LOPEZ
198,COL. NAC. CARLOS ANTONIO RACHIT
199,COL. NAC. CARMEN DE PEÑA
200,COL. NAC. CAROVENI NUEVO
201,COL. NAC. CEIBO
202,COL. NAC. CERRITO
203,COL. NAC. CERRO CORA
204,COL. NAC. CERVANTES
205,COL. NAC. CHACO PARAGUAYO
206,COL. NAC. CHACORE
207,COL. NAC. CHOFERES DEL CHACO
208,COL. NAC. CLETO ROMERO
209,COL. NAC. CMDTE. CARMELO PERALTA
210,COL. NAC. CMDTE. VICTORIANO BERNAL
211,COL. NAC. CMTE. LEO NOWAK
212,COL. NAC. CNEL. ANTONIO ORTIGOZA TOLEDO
213,COL. NAC. CNEL. FELIPE TOLEDO
214,COL. NAC. CNEL. JORGE THOMPSON
215,COL. NAC. CNEL. JOSE MARIA ARGAÑA
216,COL. NAC. CNEL. JUAN FRANCISCO LOPEZ LINCH
217,COL. NAC. CNEL. LUIS IRRAZABAL
218,COL. NAC. CNEL. MANUEL W. CHAVEZ
219,COL. NAC. CNEL. ROGELIO R. BENITEZ - ABAI
220,COL. NAC. CNEL. VALOIS RIVAROLA
221,COL. NAC. CNEL. VICENTE MONGELOS
222,COL. NAC. COLONIA LA PAZ
223,COL. NAC. COLONIA MBURICA
224,COL. NAC. CONSTITUCION
225,COL. NAC. CONTRAL. RAMON FELIPE MARTINO
226,COL. NAC. COSTA ALEGRE
227,COL. NAC. COSTA ROSADO
228,COL. NAC. CPTAN. BALDOMERO RIQUELME
229,COL. NAC. CPTAN.MARCIAL RAMIREZ
230,COL. NAC. CPTAN. MARIO PEREIRA
231,COL. NAC. CPTAN. NAVIO FRANCISCO P. BENITEZ
232,COL. NAC. CPTAN. PEDRO JUAN CABALLERO
233,COL. NAC. CPTAN. SOLANO ESCOBAR
234,COL. NAC. CRISTO REY
235,COL. NAC. CRUCE LIBERACION
236,COL. NAC. CURUÑAI
237,COL. NAC. D.C. 1
238,COL. NAC. DE 3 DE MAYO
239,COL. NAC. DE ARROYO ATA
240,COL. NAC. DE CAACUPE-I
241,COL. NAC. DE CAPIATA
242,COL. NAC. DE CAPIIBARY
243,COL. NAC. DE CERRITO
244,COL. NAC. DE COLONIA COSME
245,COL. NAC. DE COMERCIO
246,COL. NAC. DE COMERCIO GRAL. JOSE ROA BENITEZ
247,COL. NAC. DE CORREA RUGUA
248,COL. NAC. DE E.M.D. DR. FERNANDO DE LA MORA
249,COL. NAC. DE E.M.D DR. IGNACIO A. PANE
250,COL. NAC. DE E.M.D. MARCELINA BOGADO
251,COL. NAC. DE E.M.D. SEBASTIAN YEGROS
252,COL. NAC. DEFENSORES DEL CHACO
253,COL. NAC. DE JESUS
254,COL. NAC. DE LAMBARE
255,COL. NAC. DELFIN CHAMORRO
256,COL. NAC.DE  LIMA
257,COL. NAC. DE  LOMAS
258,COL. NAC. DE LOS SANTOS VDA. DE MENDIETA
259,COL. NAC. DEL PIRAYUI
260,COL. NAC. DE MACIEL
261,COL. NAC. DE MAYOR OTAÑO
262,COL. NAC. DE NUEVA ALBORADA
263,COL. NAC. DE PINDOTY
264,COL. NAC. DE PINDOYU
265,COL. NAC. DE PIRAYU
266,COL. NAC. DE POTRERO YVATE
267,COL. NAC. DE SAN PATRICIO
268,COL. NAC. DE TAJY LOMA
269,COL. NAC. DE VILLA DEL ROSARIO
270,COL. NAC. DE VILLA PERMANENTE
271,COL. NAC. DE YASY CAÑY
272,COL. NAC. DE YATYTAY
273,COL. NAC. DE YGATIMI
274,COL. NAC. DE YPEJHU
275,COL. NAC. DE YSYPO
276,COL. NAC. DE ZANJITA
277,COL. NAC. DIVINA MISERICORDIA
278,COL. NAC. DOMINGO MARTINEZ DE IRALA
279,COL. NAC. DOMINGO ROBLEDO
280,COL. NAC. DOMINGO SAVIO
281,COL. NAC. DON AGUSTIN CAMPOS ALUM
282,COL. NAC. DON BOSCO
283,COL. NAC. DON CARLOS ANTONIO LOPEZ
284,COL. NAC. DON CIPRIANO OCAMPOS
285,COL. NAC. DON EMILIO NAPOUT
286,COL. NAC. DON FEDERICO GODOY
287,COL. NAC. DON FLORENCIO ACEVEDO
288,COL. NAC. DON FLORENCIO ZARATE
289,COL. NAC. DON HECTOR DUARTE
290,COL. NAC. DON ISAAC ORTIZ
291,COL. NAC. DON LAUREANO ROMERO ORTIZ
292,COL. NAC. DON LEONARDO RODOLFO SALCEDO
293,COL. NAC. DON MAURICIO CARDOZO OCAMPO
294,COL. NAC. DON NEMESIO CANO FRANCO
295,COL. NAC. DON SABINO ALVARENGA ROLON
296,COL. NAC. DOÑA PASTORA CONCEPCION CESPEDES
297,COL. NAC. DOÑA VICTORIA B. BARRIENTOS
298,COL. NAC. DR. ABSALON ARIAS
299,COL. NAC. DR. ALAN SAUL ESPINOLA
300,COL. NAC. DR. BENJAMIN ACEVAL
301,COL. NAC. 'DR. BERNARDO OCAMPOS'
302,COL. NAC. DR. BLAS GARAY
303,COL. NAC. DR. CARLOS ALBERTO BALMELLI G.
304,COL. NAC. DR. CARLOS CHAVEZ BAREIRO
305,COL. NAC. DR. DOMINGO MONTANARO
306,COL. NAC. DR. EDUARDO LOPEZ MOREIRA
307,COL. NAC. DR. EMILIO CUBAS.
308,COL. NAC. DR. EUSEBIO AYALA
309,COL. NAC. DR.FACUNDO INSFRAN
310,COL. NAC. DR. FULGENCIO R. MORENO
311,COL. NAC. DR. IGNACIO A. PANE
312,COL.NAC.DR.JOSE GASPAR RODRIGUEZ DE FRANCIA
313,COL. NAC. DR. JOSE G. RODRIGUEZ DE FRANCIA
314,COL. NAC. DR. JOSE G.RODRIGUEZ DE FRANCIA
315,COL. NAC. DR. JUAN F. FACETTI
316,COL. NAC. DR. JUAN JOSE SOLER
317,COL. NAC. DR. JUAN LEON MALLORQUIN
318,COL. NAC. DR.JUAN MANUEL FRUTOS
319,COL. NAC. DR. JUAN M. FRUTOS
320,COL. NAC. DR.LUIS ALBERTO DE HERRERA
321,COL. NAC. DR. LUIS PASTEUR
322,COL. NAC. DR. MOISES SANTIAGO BERTONI
323,COL. NAC. DR. PEDRO P. PEÑA
324,COL. NAC. DR. RAMON P. DELMAS
325,COL. NAC. DR. RAUL PEÑA
326,COL. NAC. DR. ROBERTO L. PETTIT
327,COL. NAC. DR. VICTOR N. VASCONSELLOS
328,COL. NAC. EGIDIO RUIZ ARANDA
329,COL. NAC. E.M.D. ASUNCION ESCALADA
330,COL. NAC. E.M.D. DE CHORE
331,COL. NAC. E.M.D. DE PARAGUARI
332,COL. NAC. E.M.D. DON RIGOBERTO CABALLERO
333,Col. Nac. E.M.D. DR. EUSEBIO AYALA
334,Col. Nac. E.M.D. DR. FERNANDO DE LA MORA
335,COL. NAC. E.M.D. DR. RAUL PEÑA
336,COL. NAC. E.M.D. GRAL. BERNARDINO CABALLERO
337,COL. NAC. E.M.D. GRAL CESAR BARRIENTOS
338,Col. Nac. E.M.D. GRAL. JOSE ELIZARDO AQUINO
339,Col. Nac. E.M.D. GRAL. PABLO L. AVILA
340,Col. Nac. E.M.D. ITALIANO SANTO TOMAS
341,COL NAC. E.M.D. ITAUGUA
342,COL. NAC. E.M.D. 'MCAL. FRANCISCO SOLANO LOPEZ'
343,COL. NAC. E.M.D. MCAL. FRANCISCO SOLANO LOPEZ
344,COL. NAC. E.M.D. MIGUEL ANGEL RODRIGUEZ
345,COL NAC E.M.D. NACIONES UNIDAS
346,COL. NAC. E.M.D. PRESIDENTE FRANCO
347,Col. Nac. E.M.D. Primer Intendente Municipal
348,Col. Nac. E.M.D. PROF. ATANASIO RIERA
349,COL. NAC. E.M.D. TACURU PUCU
350,COL. NAC. EMILIANO R. FERNANDEZ
351,COL. NAC. EMILIO GOMEZ ZELADA
352,COL. NAC. EMILIO JOHANNSENN
353,COL. NAC. EMPALADO
354,COL. NAC. ENCARNACION
355,COL. NAC. ENCARNACION ALUM DE VIVE
356,COL. NAC. ENRIQUE SOLANO LOPEZ
357,COL. NAC. ENRIQUE SOLER
358,COL. NAC. ESPAÑA
359,COL. NAC. ESPIRITU SANTO DE ÑATIURYMI
360,COL. NAC. EUGENIA O. DE SASIAIN
361,COL. NAC. FABIO DAVALOS CASORATTI
362,COL. NAC. FEDERICO MAINTZHUSEN
363,COL. NAC. FELIPE MOLAS LOPEZ
364,COL. NAC. FLORIDEÑO
365,COL. NAC. FRANCISCA ELOISA DUARTE
366,COL. NAC. FRANCISCO ACUÑA DE FIGUEROA
367,COL. NAC. FRANCISCO MIRANDA
368,COL. NAC. FULGENCIO YEGROS
369,COL. NAC. FULGENCIO YEGROS - RINCON
370,COL. NAC. GENARO ROMERO
371,COL. NAC. GENERACION DE LA PAZ
372,COL. NAC. GENERAL BERNARDINO CABALLERO
373,COL. NAC. GIMNASIO PAULINO
374,COL. NAC. GRAL. ALCIBIADES IBAÑEZ ROJAS
375,Col. Nac. Gral. Andrés Rodriguez
376,COL. NAC. GRAL. BERNARDINO CABALLERO
377,COL. NAC. GRAL. BRUGUEZ
378,COL. NAC. GRAL. CESAR BARRIENTOS
379,COL. NAC. GRAL. DE BRIG. ELIGIO TORRES
380,COL. NAC. GRAL. ELIZARDO AQUINO
381,COL. NAC. GRAL. EUGENIO A. GARAY
382,COL. NAC. GRAL HIGINIO MORINIGO
383,COL. NAC. GRAL. JOSE ADOLFO OVIEDO ROMAN
384,COL. NAC. GRAL. JOSE EDUVIGIS DIAZ
385,COL. NAC. GRAL. MARCIAL SAMANIEGO
386,COL. NAC. GUAPO`Y
387,COL. NAC. HARUO MASUZAWA
388,COL. NAC. HERMINIA C. DE GRAU
389,COL. NAC. HEROES DE LA PATRIA
390,COL. NAC. HEROES DEL CHACO
391,COL. NAC. HEROES LUQUEÑOS
392,COL. NAC. INMACULADA CONCEPCION
393,COL. NAC. INSP. MAYOR J. E. FLORENTIN
394,COL. NAC. INST. DIOC. INMACULADA CONCEPCION
395,COL. NACIONES UNIDAS
396,COL. NAC.  IRMA RAMIREZ VDA. DE RODAS
397,COL. NAC. ISAAC ORTIZ
398,COL. NAC. ITAIPYTE
399,COL. NAC. ITAKYRY
400,COL. NAC. ITANARA
401,COL. NAC. ITAPE JHUGUA
402,COL. NAC. ITA POTRERO
403,COL. NAC. JARDIN AURORA
404,COL. NAC. J.AUGUSTO SALDIVAR
405,COL. NAC. JEJUI POTY
406,COL. NAC. JESUS SACRAMENTADO
407,COL. NAC. JHUGUA POTI
408,COL. NAC. JOHN F. KENNEDY
409,COL. NAC. JORGE ALCIBIADES GADEA
410,COL. NAC. JORGE BARCHINI
411,COL. NAC. JORGE BERNARDINO GOROSTIAGA
412,COL. NAC. JORGE SEBASTIAN MIRANDA
413,COL. NAC. JOSE EDUVIGIS  DIAZ
414,COL. NAC. JOSE FALCON
415,COL. NAC. JOSE FELIX BOGADO (34)
416,COL. NAC. JOSE G. RODRIGUEZ DE FRANCIA
417,COL. NAC. JOSE J. ARRECHEA GUTIERREZ
418,COL. NAC. JOVENES UNIDOS
419,COL. NAC. JUANA FERNANDEZ DE ALONSO
420,COL. NAC. JUAN ALBERTO SAMANIEGO
421,COL. NAC. JUANA MARIA DE LARA
422,COL. NAC. JUAN BAUTISTA ALBERDI
423,COL. NAC. JUAN DE LA CRUZ GAONA
424,COL. NAC. JUAN E. O'LEARY
425,COL. NAC. JUAN EUDORO CACERES
426,COL. NAC. JUAN H. PESTALOZZI
427,COL. NAC. JUAN MANUEL FRUTOS
428,COL. NAC. JUAN PABLO II
429,COL. NAC. JUAN PAUBLO I - SAN BENITO
430,COL. NAC. JUAN PEDRO ESCALADA
431,COL. NAC. JUAN RAUL BOTTINO
432,COL. NAC. KA`AGUY POTY
433,COL. NAC. KA'ARENDY
434,COL. NAC. KATUETE
435,COL. NAC. KO'E PYTA
436,COL. NAC. LAGUNA PACOBA
437,COL. NAC. LA INMACULADA
438,COL. NAC. LA PASTORA
439,COL. NAC. LA SALLE
440,COL. NAC. LAS MERCEDES
441,COL. NAC. LAS RESIDENTAS
442,COL. NAC. LAURO  RAATZ
443,COL. NAC.  LEANDRO DIEGO SANCHEZ
444,COL. NAC. LEONARDA SANCHEZ DE PAEZ
445,COL. NAC. LIBERTADOR SIMON BOLIVAR
446,COL. NAC. LIC. EVE LUISA TALAVERA RICHER
447,COL. NAC. LIC. HILARION CADDOR COLMAN
448,COL. NAC. LOMA GRANDE
449,COL. NAC. LOMA GUAZU
450,COL. NAC. LOMA JHOVY
451,COL. NAC. LOMAS VALENTINAS
452,COL. NAC. LUIS B. DOMINGUEZ
453,COL. NAC. LUIS FUSTAGNO
454,COL. NAC. MANUEL FERREIRA
455,COL. NAC. MANUEL ORTIZ GUERRERO
456,COL. NAC.  MARCIAL SAMANIEGO
457,COL. NAC. MARIA AUXILIADORA
458,COL. NAC. MARIA CONCEPCION LEYES DE CHAVEZ
459,COL. NAC. MARIA DEL CARMEN M. DE ACHUCARRO
460,COL. NAC. MARIA LUZ BELLA F. DE FRUTOS
461,COL. NAC. MARIANO ROQUE ALONSO
462,COL. NAC. MAURICIO JOSE TROCHE
463,COL. NAC. MAYOR DE CAB. MIGUEL A. RAMOS ALFARO
464,COL. NAC. MAYOR NICOLAS ARGUELLO
465,COL. NAC. MBOCAYATY
466,COL. NAC. MBOCAYATY DEL YHAGUY
467,COL. NAC. MCAL. ESTIGARRIBIA
468,COL. NAC. MCAL. FRANCISCO SOLANO LOPEZ
469,COL. NAC. MCAL. JOSE FELIX ESTIGARRIBIA
470,COL. NAC. MCAL. LOPEZ
471,COL. NAC. MIGUEL ANGEL TORALES
472,COL. NAC. MIGUEL MARIA PFANNEL
473,COL. NAC. MIRTHA RUBBIANI DE FERREIRA
474,COL. NAC. MOISES SANTIAGO BERTONI
475,COL. NAC. MONS. AGUSTIN RODRIGUEZ
476,COL. NAC. MONS. DEMETRIO AQUINO
477,COL. NAC. MONSEÑOR DR. AGUSTIN RODRIGUEZ
478,COL. NAC. MONS. GABINO E. ROJAS
479,COL. NAC. MOREIRA RUGUA
480,COL. NAC. NANAWA
481,COL. NAC. NARANJATY
482,COL. NAC. NATALICIO TALAVERA
483,COL. NAC. NIÑO JESUS
484,COL. NAC. NIÑOS DE ACOSTA ÑU
485,COL. NAC. NSTRA. SRA. DE LOURDES
486,COL. NAC. NTRA. SRA. DE LAS MERCEDES
487,COL. NAC. NTRA. SRA. DEL PERPETUO SOCORRO
488,COL. NAC. NTRA. SRA. STELLA MARY
489,COL. NAC. NUCLEAR 3
490,COL. NAC. NUESTRA SEÑORA DE LA ASUNCION
491,COL. NAC. NUESTRA SEÑORA DEL CARMEN
492,COL. NAC. NUEVA COLOMBIA
493,COL. NAC. NUEVA LONDRES
494,COL. NAC. ÑANDYPA
495,COL. NAC. ÑU GUAZU
496,COL. NAC. PABLO BASEDAU
497,COL. NAC. PABLO PATRICIO BOGARIN
498,COL. NAC. PADRE ANGEL R. CARDENAS
499,COL. NAC. PADRE FIDEL MAIZ
500,COL. NAC. PADRE LUIS LEITA
501,COL. NAC. 'PADRE RICARDO MUSCH'
502,COL. NAC. PADRES UNIDOS
503,COL. NAC. PAI CASSANELLO
504,COL. NAC. PA'I ÑU
505,COL. NAC. PANAMERICANO
506,COL. NAC. PAPA JUAN PABLO II
507,COL. NAC. PAPA JUAN XXIII
508,COL. NAC. PARAGUAY - BRASIL
509,COL. NAC. PARAGUAY - JAPON
510,COL. NAC. PARAGUAYO - JAPONES
511,COL. NAC . PARANAMBU
512,COL. NAC. PARROQ. LAS MERCEDES
513,COL. NAC. PASO YOBAI
514,COL. NAC. PAZ DEL CHACO
515,COL. NAC. PBRO. JUAN BAUTISTA CASSANELLO
516,COL. NAC. PDTE. JOHN F. KENNEDY
517,COL. NAC. PILAR
518,COL. NAC. PIRAPEY KM. 41
519,COL. NAC. PIRAY
520,COL. NAC. PIRIBEBUY
521,COL. NAC. P. JUAN GUILLERMO DIAZ
522,COL. NAC. POTRERO ANTEOJO
523,COL. NAC. POTRERO PO'I
524,COL. NAC. POTRERO YAPEPO
525,COL. NAC. PRESBITERIO JOSE AGUSTIN MOLAS
526,COL. NAC. PRESBITERO MANUEL GAMARRA
527,COL. NAC. PRESIDENTE DR. JOSE PATRICIO GUGGIARI
528,COL. NAC. PRIMER PRESIDENTE
529,COL. NAC. PROF. ADOLFO MARIA MONGES
530,COL. NAC. PROF. AGUSTIN ALONSO
531,COL. NAC. PROF. ANGEL TORRES PEREZ
532,COL. NAC. PROF. CARMELO BARRIOS ARMOA
533,COL. NAC. PROF. CASTULO MAIDANA
534,COL. NAC. PROF. DOCTOR LUIS MARIA ARGAÑA
535,COL. NAC. PROF. ELSA C. VERON DE PORTILLO
536,COL. NAC. PROF. ELSA JACINTA MASI ZOLABARRIETA
537,COL. NAC. PROF. ELVIRA REGUNEGA DE BALBUENA
538,COL. NAC. PROF. EMILIO ROMERO PEREIRA
539,COL. NAC. PROFESOR DOCTOR LUIS MARIA ARGAÑA
540,COL. NAC. PROFESOR EMILIO FERREIRA
541,COL. NAC. PROF. IRENEO LOPEZ OJEDA
542,COL. NAC. PROF. JORGE SEBASTIAN MIRANDA
543,COL. NAC. PROF. JUAN INOCENCIO LEZCANO
544,COL. NAC. PROF. JULIO FRONTANILLA
545,COL. NAC. PROF. LUCIA TAVAROZZI
546,COL. NAC. PROF. MARCIANO MARTINEZ
547,COL. NAC. PROF. MARIA ARCE DE CENTURION
548,COL. NAC. PROF. MERCEDES IBARRA
549,COL. NAC. PROF. MODESTO VILLALBA GUTIERREZ
550,COL. NAC. PROF. ROSA C. VENTRE
551,COL. NAC. PROF. SEBASTIAN CRISTOBAL PEREZ
552,COL. NAC PROF. VICTORINO RAMON FRETES
553,COL. NAC. PTE.FEDERICO CHAVEZ
554,COL. NAC. PUERTO BOTANICO
555,COL. NAC. QUIINDY
556,COL. NAC. RAMON INDALECIO CARDOZO
557,COL. NAC. RAUL ARSENIO OVIEDO
558,COL. NAC. RAUL H. GIRALA V.
559,COL. NAC. RCA. BOLIVARIANA DE VENEZUELA
560,COL. NAC. RCA. DE BOLIVIA
561,COL. NAC. RCA. DE GUATEMALA
562,COL. NAC. RCA. DEL PARAGUAY
563,COL. NAC. RCA. DE PANAMA
564,COL. NAC. REINO DE HOLANDA
565,COL. NAC. REPUBLICA ARGENTINA
566,COL. NAC. REPUBLICA DE COLOMBIA
567,COL. NAC. REPUBLICA DE COREA
568,COL. NAC. REPUBLICA DE CUBA
569,COL. NAC. REPUBLICA DEL BRASIL
570,COL. NAC. REPUBLICA DE NICARAGUA
571,COL. NAC. REPUBLICA DE VENEZUELA
572,COL. NAC. REPUBLICA ORIENTAL DEL URUGUAY
573,COL. NAC. RIGOBERTO CABALLERO
574,COL. NAC. RINCON DEL PEÑON
575,COL. NAC. RIO NEGRO
576,COL. NAC. RIO PARAGUAY
577,COL. NAC. ROBERTO SCHAERER
578,COL. NAC. RVDO. PADRE LUCIANO CESTAC
579,COL. NAC. SAGRADO CORAZON DE JESUS
580,COL. NAC. SALTO DEL GUAIRA
581,COL. NAC. SAN AGUSTIN
582,COL. NAC. SAN ALBERTO MAGNO
583,COL. NAC. SAN ALFONSO
584,COL. NAC. SAN ANTONIO
585,COL. NAC. SAN ANTONIO DE PADUA
586,COL. NAC. SAN BALTAZAR
587,COL. NAC. SAN BLAS
588,COL. NAC. SAN CARLOS
589,COL. NAC. SAN CARLOS BORROMEO
590,COL. NAC. SAN CAYETANO
591,COL. NAC. SAN CLEMENTE MARIA
592,COL. NAC. SAN ENRIQUE DE OSSO
593,COL. NAC. SAN FRANCISCO
594,COL. NAC. SAN FRANCISCO DE ASIS
595,COL. NAC. SAN IGNACIO
596,COL. NAC. SAN IGNACIO DE LOYOLA
597,COL. NAC. SAN ISIDRO LABRADOR
598,COL. NAC. SAN JOAQUIN
599,COL. NAC. SAN JOSE
600,COL. NAC. SAN JOSE OBRERO
601,COL. NAC. SAN JUAN
602,COL. NAC. SAN JUAN BAUTISTA
603,COL. NAC. SAN JUAN BAUTISTA DE ÑEEMBUCU
604,COL. NAC. SAN JUAN BERCHMANS
605,COL. NAC. SAN LORENZO
606,COL. NAC. SAN LUIS
607,COL. NAC. SAN LUIS GONZAGA
608,COL. NAC. SAN MARCOS
609,COL. NAC. SAN MIGUEL
610,COL. NAC. SAN MIGUEL ARCANGEL
611,COL. NAC. SAN NICOLAS
612,COL. NAC. SAN PABLO
613,COL. NAC. SAN PATRICIO
614,COL. NAC. SAN PEDRO
615,COL. NAC. SAN PEDRO APOSTOL
616,COL. NAC. SAN PIO X
617,COL. NAC. SAN RAFAEL
618,COL. NAC. SAN RAFAEL ARCANGEL
619,COL. NAC. SAN RAFAEL DEL PARANA KM. 1
620,COL. NAC. SAN RAMON
621,COL. NAC. SAN ROQUE
622,COL. NAC. SAN ROQUE G. DE STA. CRUZ
623,COL. NAC. SAN ROQUE GONZALEZ DE SANTACRUZ
624,COL. NAC. SAN ROQUE GONZALEZ DE SANTA CRUZ
625,COL. NAC. SANTA ANA
626,COL. NAC. SANTA ANGELA
627,COL. NAC. SANTA CATALINA
628,COL. NAC. SANTA CECILIA
629,COL. NAC. SANTA CLARA
630,COL. NAC. SANTA ELENA
631,COL. NAC. SANTA LIBRADA
632,COL. NAC. SANTA LUCIA
633,COL. NAC. SANTA MARIA
634,COL. NAC. SANTA MARIA DE FE
635,COL. NAC. SANTA RITA
636,COL. NAC. SANTA ROSA
637,COL. NAC. SANTA ROSA DE LIMA
638,COL. NAC. SANTA TERESA
639,COL. NAC. SANTA TERESITA
640,COL. NAC. SANTIAGO N. BO PARODI
641,COL. NAC. SANTISIMO REDENTOR
642,COL. NAC. SANTO DOMINGO
643,COL. NAC. SANTO DOMINGO DE GUZMAN
644,COL. NAC. SANTO DOMINGO SAVIO
645,COL. NAC. SANTO TOMAS
646,COL. NAC. SANTO TOMAS DE AQUINO
647,COL. NAC. SAN VICENTE DE PAUL
648,COL. NAC. SAN VICENTE FERRER
649,COL. NAC. SGTO. CANDIDO SILVA
650,COL. NAC. SIMBRON
651,COL. NAC. SOLDADO PARAGUAYO
652,COL. NAC. STA. TERESITA
653,COL. NAC. STA.TERESITA DEL NIÑO JESUS
654,COL. NAC. STO. DOMINGO SAVIO
655,COL. NAC. TACUARO
656,COL. NAC. TACUATI POTY
657,COL. NAC. TACURUTY
658,COL. NAC. TEMBIAPORA
659,COL. NAC. TTE. 1O. ADOLFO ROJAS SILVA
660,COL. NAC. TTE. ADOLFO ROJAS SILVA
661,COL.NAC.TTE.DE AVIAC.MILCIADES A. PIÑEIRO
662,COL. NAC. TTE ESTEBAN MARTINEZ
663,COL. NAC. TTE. LUIS ALBERTO DACAK
664,COL. NAC. TTE. VICTOR RODRIGUEZ
665,COL. NAC. VALLEMI
666,COL. NAC. VALLE PE
667,COL. NAC. VICENTE IGNACIO ITURBE
668,COL. NAC. VILLA ELVIRA
669,COL. NAC. VILLA MARANGATU
670,COL. NAC. VILLARRICA
671,COL. NAC. VIRGEN DE FATIMA
672,COL. NAC. VIRGEN DE LA MERCED
673,COL. NAC. VIRGEN DEL CARMEN
674,COL. NAC. VIRGEN DEL ROSARIO
675,COL.NAC. VIRGEN DEL ROSARIO
676,COL. NAC. VIRGEN STELLA MARYS
677,COL. NAC. YATAITY DEL NORTE
678,COL. NAC. YBYRAITY
679,COL.NAC. YBYTURUZU
680,COL. NAC. YHACA
681,COL. NAC. YKUA KA'AGUY
682,COL. NAC. YPATI
683,COL. NAC. YUAIJHU
684,COL. NAC. YURUJHEI
685,COL. NAC. ZANJA PYTA
686,COL. NAN. CNEL. VICENTE MONGELOS
687,COL. NIÑOS TRABAJADORES
688,COL. PADRE GUIDO CORONEL
689,COL. PARROQ. JUAN PABLO II
690,COL. PARROQ. PRIV. SUBV. ALEJO GARCIA
691,COL. PARROQ. SAN ROQUE GONZALEZ DE SANTACRUZ
692,COL. PARROQ. SUBV. DELFIN CHAMORRO
693,COL. PARROQ. SUBV. NATIVIDAD DE MARIA
694,COL. PARROQ. SUBV. SAN BLAS
695,COL. PARROQ. SUBV. STA.ROSA DE LIMA
696,COL. PARROQUIAL SAN JORGE
697,COL. PARROQUIAL SUBV. VIRGEN DEL PASO
698,COL. PARRQ. SAN ROQUE GONZALEZ DE SANTA CRUZ
699,COL. PRIVADO SUBV. INMACULADA CONCEPCION
700,COL.PRIV.SUB. ESPIRITU SANTO
701,COL. PRIV. SUBV. 2JUAN SINFORIANO BOGARIN'
702,COL. PRIV. SUBV. ASUNCION
703,COL. PRIV. SUBV. CLOTILDE ORTIZ DE NUÑEZ
704,COL. PRIV. SUBV. F. ACUÑA DE FIGUEROA
705,COL. PRIV. SUBV. LA ESPERANZA
706,COL. PRIV. SUBV. MARIA AUXILIADORA
707,COL. PRIV. SUBV. MARISTAS CHAMPAGNAT
708,COL. PRIV. SUBV. MONS. GERONIMO PECHILLO
709,COL. PRIV. SUBV. MONS. JUAN WIESSEN
710,COL. PRIV. SUBV. NIÑO JESUS
711,COL. PRIV. SUBV. 'NUESTRA SRA. DE CAACUPE'
712,COL. PRIV. SUBV. SALESIANO DON BOSCO
713,COL. PRIV. SUBV. SAN CARLOS
714,COL. PRIV. SUBV. SAN DIONISIO
715,COL. PRIV. SUBV. 'SAN FRANCISCO DE ASIS'
716,COL. PRIV. SUBV. SAN JOSE
717,COL. PRIV. SUVB. INMACULADA CONCEPCION
718,COL. PROF. ANTONIA CAMPUZANO
719,COL. ROSA AGUSTINA FARIÑA
720,COL. SAGRADO CORAZON DE JESUS
721,COL. SALESIANO PRIV. SUBV. DON BOSCO
722,COL. SAN BLAS
723,COL. SAN BONIFACIO
724,COL. SAN JOSE OBRERO
725,COL. SAN LORENZO MARTIR
726,COL. SILVIO PETTIROSSI
727,COL. TEC. AGROP. DON FABIAN CACERES
728,COL. TEC. CERRO CORA
729,COL. TEC. DEPARTAMENTAL DR. EUSEBIO AYALA
730,COL. TEC.'KAMBA REMBE'
731,COL. TEC. MUNIC. JUAN E'OLEARY
732,COL. TECN. DOÑA MARTINA CASTILLO DE PEÑA
733,COL. TECNICO AGROPECUARIO SAN AGUSTIN
734,COL. TECNICO NAC. PROF. ANDRES AGUIRRE
735,COL. TECNICO NAC. Y C. E. VOCACIONAL
736,COL. TECNICO SAN BERNARDINO
737,COL. TECNICO SANTA LIBRADA
738,COL. TEC. Y CENTRO DE ENTRENAMIENTO VOCACIONAL
739,COL. VERBO DIVINO
740,COMISION NACIONAL DE BILINGUISMO
741,COMISION NACIONALPARAGUAYA DE COOP.CON LA UNESCO
742,CONSEJO NACIONAL DE EDUCACION Y CULTURA
743,CONSERVATORIO NACIONAL DE MUSICA
744,CONVENIO MEC-EBY
745,COORDINACION DEPARTAMENTAL DE SUPERVISION
746,COORDINACION DPTAL. DE SUPERV. ZONA '3'
747,C.R.E. SATURIO RIOS - SAN LORENZO
748,DEPARTAMENTO DE ACCION SOCIAL
749,DEPARTAMENTO DE ADQUISICIONES(SUMINISTROS)
750,DEPARTAMENTO  DE ARANCELES
751,DEPARTAMENTO DE ASUNTOS PENDIENTES
752,DEPARTAMENTO DE ATENCION AL PERSONAL
753,DEPARTAMENTO DE BIENES PATRIMONIALES
754,DEPARTAMENTO DE CAPACITACION Y DESARROLLO
755,DEPARTAMENTO DE CONTABILIDAD
756,DEPARTAMENTO DE EDUCACION ESPECIAL
757,DEPARTAMENTO DE ESTADISTICAS
758,DEPARTAMENTO DE GESTION ADMINISTRATIVA
759,DEPARTAMENTO DE RENDICION DE CUENTAS
760,DEPARTAMENTO DE SERVICIOS GENERALES
761,DEPARTAMENTO DE SUMINISTRO Y DEPOSITO
762,DEPARTAMENTO DE TESORERIA
763,DEPARTAMENTO DE TRANSPORTE
764,DEP.DE ADMINISTRAC.DE CONVENIOS DIREC. FINANC
765,DESPACHO DEL MINISTRO
766,DIRECCION ADMINISTRATIVA
767,DIRECCION DE ADMIN. DE SUELDOS Y BENEFICIOS
768,DIRECCION DE APOYO SOCIAL Y GESTION DE RIESGOS
769,DIRECCION DE ASESORIA JURIDICA
770,"DIRECCION DE ATENCION EDUC. A NIÑAS/OS, ADOLESCENTES Y JOVENES EN SIT. RIESGO"
771,DIRECCION DE BIENESTAR ESCOLAR
772,DIRECCION DE CERTIFICACION ACADEMICA
773,DIRECCION DE COMUNICACION
774,DIRECCION DE CONCURSO DE OPOSICION
775,DIRECCION DE CONTRATACIONES
776,DIRECCION DE CONTROL DEL PERSONAL
777,DIRECCION DE COOPERACION INTERNACIONAL
778,DIRECCION DE CURRICULUM
779,DIRECCION DE EDUC. PARA PERSONAS CON NECESIDADES EDUC. ESP.
780,DIRECCION DE ESTADISTICA EDUCATIVA
781,DIRECCION DE EVALUACION DE LA CALIDAD EDUCATIVA
782,"DIRECCION DE  EVALUACION, FORMACION Y BIENESTAR DEL  PERS.  ADMINISTRATIVO"
783,DIRECCION DE FORMACION DOCENTE
784,DIRECCION DE GABINETE DEL VICEMINISTERIO DE EDUCACION SUPERIOR
785,DIRECCION DE GESTION
786,DIRECCION DE GESTION DE INFORMACION INTEGRADA
787,DIRECCION DE GESTION DEL CONOCIMIENTO E INNOVACIONES EDUCATIVAS
788,DIRECCION DE GESTION ESCOLAR ADMINISTRATIVA
789,DIRECCION DE INFORMATICA
790,DIRECCION DE INFRAESTRUCTURA
791,DIRECCION DE INSTITUTOS  TECNICOS SUPERIORES
792,DIRECCION DE INVESTIGACION E INNOVACION
793,"DIRECCION DE MATRIC., CERT. DOC. Y ESCALAFON"
794,DIRECCION DE MOVIMIENTO DEL PERSONAL
795,DIRECCION DE MUSEOS DE LA NACION
796,DIRECCION DE ORIENTACION EDUCATIVA
797,DIRECCION DE PLANIFICACION EDUCATIVA
798,DIRECCION DE PLANIFICACION E INFORMACION
799,DIRECCION DE PRESUPUESTO
800,DIRECCION DE PREVENCION DE ADICCIONES
801,DIRECCION  DE PROTOCOLO Y CEREMONIAL
802,DIRECCION DE REGISTRO DE DATOS Y SISTEMAS
803,DIRECCION DE RELACIONES GREMIALES Y SINDICALES
804,DIRECCION EXTERNA
805,DIRECCION FINANCIERA
806,DIRECCION GENERAL DE ADMINISTRACION Y FINANZAS
807,DIRECCION GENERAL DE ASESORIA JURIDICA
808,DIRECCION GENERAL DE AUDITORIA INTERNA
809,DIRECCION GENERAL DE BECAS
810,DIRECCION GENERAL DE COMUNICACION EDUCATIVA Y CULTURAL
811,"DIRECCION GENERAL DE CURRICULUM, EVALUACION Y ORIENTACION EDUCATIVA"
812,DIRECCION GENERAL DE DESARROLLO PROFESIONAL DEL EDUCADOR
813,DIRECCION GENERAL DE EDUCACION ARTISTICA
814,DIRECCION GENERAL DE EDUCACION ESCOLAR INDIGENA
815,DIRECCION GENERAL DE EDUCACION INCLUSIVA
816,DIRECCION GENERAL DE EDUCACION MEDIA
817,DIRECCION GENERAL DE EDUCACION PERMANENTE
818,DIRECCION GENERAL DE EDUCACION SUPERIOR
819,DIRECCION GENERAL DE EDUCACION TECNICA Y PROFESIONAL
820,DIRECCION GENERAL DE GABINETE
821,DIRECCION GENERAL DE GABINETE TECNICO
822,DIRECCION GENERAL DE GESTION DEL TALENTO HUMANO
823,DIRECCION GENERAL DE GESTION SOCIAL Y EQUIDAD EDUCATIVA
824,DIRECCION GENERAL DE INSTITUCIONES DE FORMACION PROFESIONAL DEL TERCER NIVEL
825,DIRECCION GENERAL DE LIDERAZGO COMUNITARIO Y CIUDADANIA
826,DIRECCION GENERAL DE PLANIFICACION EDUCATIVA
827,DIRECCION GENERAL DE RECURSOS HUMANOS
828,DIRECCION GENERAL DE RELACIONES INTERNACIONALES Y ENLACES INTERINSTITUCIONALES
829,DIRECCION GENERAL DE UNIVERSIDADES E INSTITUTOS SUPERIORES
830,DIRECCION GENERAL DE UNIVERSIDADES E INST. SUPERIORES
831,DIRECCION GENERAL EDUCACION INICIAL Y ESCOLAR BASICA
832,DIRECCION GENERAL FORTALECIMIENTO PROCESO EDUC.
833,DIRECCION GRAL. DE GESTION Y ARTICULACION DE POLITICAS PUBLICAS DE JUVENTUD
834,DIRECCION SUPERIOR
835,DPTO. ARTES GRAFICAS
836,ESC. BAS. 1003 LIC.CLARA IRMA P. DE CACACE
837,ESC. BAS. 1004 DR. LEANDRO P. PRIETO
838,ESC. BAS. 1007 CENTENARIO DE LA EPOPEYA NAC.
839,ESC. BAS. 1008 GRAL.BERNARDINO CABALLERO
840,ESC. BAS. 100 RCA. DE COLOMBIA
841,ESC. BAS. 1018 SAN BLAS
842,ESC. BAS. 1020 YVYRATY
843,ESC. BAS. 1021 NTRA.SEÑORA DEL PERPETUO SOCORRO
844,ESC. BAS. 1031 SANTIAGO LEGUIZAMON
845,ESC. BAS. 1032 PARR.S. SAN ROQUE-H.DE CANILL.
846,ESC. BAS. 1037 PARR.S. INMACULADA CONCEPCION
847,ESC. BAS. 103 PROF. M. MILTOS DE I. RIVAROLA
848,ESC. BAS. 1041 PARR.SUBV. SANTISIMO REDENTOR
849,ESC. BAS. 1048 PARR.S. SAN PEDRO Y SAN PABLO
850,ESC. BAS. 1049 PARR.SUBV. NTRA.SRA.DEL CARMEN
851,ESC. BAS. 1052 PARR.SUBV. SAN PABLO
852,ESC. BAS. 106 MCAL. LOPEZ
853,ESC. BAS. 1080 PRIV. SUBV. CRISTO REY
854,ESC. BAS. 109 JUAN BAUTISTA ALBERDI
855,ESC. BAS. 10 JUAN R. DAHLQUIST
856,ESC. BAS. 1101 PRIV. SUBV. SAN V. DE PAUL
857,ESC. BAS. 1106 PRIV. SUBV. SAN BLAS
858,ESC. BAS. 110 CPTAN. BERNARDINO CABALLERO A.
859,ESC. BAS. 1127 PARR.S.VIRGEN DE LA CANDELARIA
860,ESC. BAS. 1129 EL DIVINO INFANTE
861,ESC. BAS. 112 GRAL. HIGINIO MORINIGO
862,ESC. BAS. 1140 CRISTO REY - F.R.O.S.E.P.
863,ESC. BAS. 1143 SAN BLAS - F.R.O.S.E.P.
864,ESC. BAS. 114 RAMON I. CARDOZO
865,ESC. BAS. 1172 P.SUBV.MCAL.FRANCISCO S.LOPEZ
866,ESC. BAS. 1189 SAGRADA FAMILIA
867,ESC. BAS. 11 PEDRO JUAN CABALLERO
868,ESC. BAS. 121 DR. IGNACIO A. PANE
869,ESC. BAS. 122 RIGOBERTO CABALLERO
870,ESC. BAS. 1238 P.S. SAN MARTIN DE PORRES
871,ESC. BAS. 124 MCAL. FRANCISCO S. LOPEZ
872,ESC. BAS. 1254 SAN PEDRO
873,ESC. BAS. 1276 FUND.MOLINOS H. DEL PARAGUAY
874,ESC. BAS. 1283 PADRE RAMON MAYANS
875,ESC. BAS. 12942 (5108) TAIPEI (5108)
876,ESC. BAS. 1295 VIRGEN DEL ROSARIO
877,ESC. BAS. 1300 MARIA AUXILIADORA
878,ESC. BAS. 1308 PRIV.SUBV. LIC. SANTA MARIA
879,ESC. BAS. 130 HEROES DE LA GUERRA DEL CHACO
880,ESC. BAS. 1310 DR.GASPAR RODRIGUEZ DE FRANCIA
881,ESC. BAS. 1315 SAN ROQUE G. DE SANTA CRUZ
882,ESC. BAS. 131 DR. GASPAR R. DE FRANCIA
883,ESC. BAS. 1328 PROF. NICANORA GOMEZ DE ROJAS
884,ESC. BAS. 132 MIGUEL ARCANGEL
885,ESC. BAS. 1332 GENERACION DE LA PAZ
886,ESC. BAS. 133 R.I. 3 CORRALES
887,ESC. BAS. 13444 PRIV.SUBV. VIRGEN DEL ROSARIO
888,ESC. BAS. 134 DR.CECILIO BAEZ
889,ESC. BAS. 13673 PRIV.SUBV. SANTA ROSA DE LIMA
890,ESC. BAS. 136 NATALICIO TALAVERA
891,ESC. BAS. 1381 REPUBLICA ARGENTINA
892,ESC. BAS. 13987 PRIV. SAN JOSE DE CALASANZ
893,ESC. BAS. 139 MONSEÑOR HERMENEGILDO ROA
894,ESC. BAS. 13 DR. FERNANDO DE LA MORA
895,ESC. BAS. 1429 WALTER BECKER
896,ESC. BAS. 142 MARIA FELICIDAD GONZALEZ
897,ESC. BAS. 143 DIVINO MAESTRO
898,ESC. BAS. 144 CMDTE. LEO NOWAK
899,ESC. BAS. 14596 P.SUBV. NIÑO JESUS DE PRAGA
900,ESC. BAS. 145 LIC.VIRGILIO RAMON LEGAL
901,ESC. BAS. 1463 DIVINO MAESTRO
902,ESC. BAS. 1467 CNEL. M. CESAR BARBOZA NAVA
903,ESC. BAS. 14816 PRIV.SUBV. NTRA.SRA. DEL CARMEN
904,ESC. BAS. 1491SAN BLAS
905,ESC. BAS. 1492 SANTA CLARA
906,ESC. BAS. 1494 CIRILO JAVIER CORONEL QUIÑOÑEZ
907,ESC. BAS. 14 REPUBLICA DE CHILE
908,ESC. BAS. 150 JOSE FASSARDI
909,ESC. BAS. 1510 SAN FELIPE
910,ESC. BAS. 15112 VIRGEN DE LA PAZ
911,ESC. BAS. 15143 DIEGO RONALDO MEDINA PARODI
912,ESC. BAS. 151 INGLATERRA
913,ESC. BAS. 1534 DEFENSORES DEL CHACO
914,ESC. BAS. 15385 LA PALOMA
915,ESC. BAS. 1538 P.S.SAN CAYETANO DE FE Y ALEGRIA
916,ESC. BAS. 1557 MARIA AUXILIADORA
917,ESC. BAS. 157 PROF.PABLA GOROSTIAGA DE VEGA
918,ESC. BAS. 15 REPUBLICA DE PANAMA
919,ESC. BAS. 1609 REPUBLICA DE BOLIVIA
920,ESC. BAS. 1619 JOSE DOMINGO MARTINEZ PEÑA
921,ESC. BAS. 1623 SANTO TOMAS
922,ESC. BAS. 162 VICENTE IGNACIO ITURBE
923,ESC. BAS. 1632 AUGUSTO ROA BAS.TOS
924,ESC. BAS. 1633 ESPIRITU SANTO
925,ESC. BAS. 1635 SAN BLAS
926,ESC. BAS. 165 DON ANDRES FERREIRA GUERREROS
927,ESC. BAS. 1684 SAN BLAS
928,ESC. BAS. 170 GRAL. MAXIMO SANTOS
929,ESC. BAS. 1740 DEFENSORES DEL CHACO
930,ESC. BAS. 1743 CERRO CORA
931,ESC. BAS. 175 REPUBLICA DE EL SALVADOR
932,ESC. BAS. 176 D.C. 1
933,ESC. BAS. 1780
934,ESC. BAS. 1787 PARR.SUBV.SAN VICENTE DE PAUL
935,ESC. BAS. 178 EMILIO GOMEZ ZELADA
936,ESC. BAS. 1795 DEFENSORES DEL CHACO
937,ESC. BAS. 17 RCA. DEL PERU
938,ESC. BAS. 1804 GRAL. PATRICIO ESCOBAR
939,ESC. BAS. 1823 SAN VICENTE FERRER
940,ESC. BAS. 1872 PROF.SULMA Y. PANIAGUA SAMUDIO
941,ESC. BAS. 1874 CNEL. VICENTE MONGELOS
942,ESC. BAS. 1881 RCA. ARABE SIRIA
943,ESC. BAS. 1898 AUGUSTO ROA BAS.TOS
944,ESC. BAS. 18 RCA. DE CUBA
945,ESC. BAS. 1909 FRAY BARTOLOME DE LAS CASAS
946,ESC. BAS. 1912 DON ISAAC ORTIZ
947,ESC. BAS. 1915 AGUSTIN PIO BARRIOS
948,ESC. BAS. 192 12 DE JUNIO
949,ESC. BAS. 1944 PUERTA DEL SOL
950,ESC. BAS. 1961 PROF.JULIA I. ACOSTA DE GONZALEZ
951,ESC. BAS. 196 REINO DE SUECIA
952,ESC. BAS. 1972 CPTAN. MAURICIO JOSE TROCHE (14492)
953,ESC. BAS. 1973 COSTA ALEGRE
954,ESC. BAS. 1981 SAGRADO CORAZON DE JESUS
955,ESC. BAS. 1988 MARIA AUXILIADORA
956,ESC. BAS. 198 FULGENCIO R. MORENO
957,ESC. BAS. 199 SILVIO PETTIROSSI
958,ESC. BAS. 19 REPUBLICA ORIENTAL DEL URUGUAY
959,ESC. BAS. 2001 DON BOSCO
960,ESC. BAS. 201 TTE. GABRIEL AQUINO
961,ESC. BAS. 203 PROF.CLETO ROMERO
962,ESC. BAS. 205 RCA. DE COLOMBIA
963,ESC. BAS. 206 'PROF. MANUEL RIQUELME'
964,ESC. BAS. 207 DR. BLAS GARAY
965,ESC. BAS. 2095 PANCHITO LOPEZ
966,ESC. BAS. 20 RCA. DEL ECUADOR
967,ESC. BAS. 210 PROFESOR WALDINO RAMON LOVERA
968,ESC. BAS. 2132 SALVADOR GUANES
969,ESC. BAS. 213 GRAL.SAN MARTIN
970,ESC. BAS. 214 MCAL. F. S. LOPEZ
971,ESC. BAS. 216 DR. LUIS A. DE HERRERA
972,ESC. BAS. 217 VIRGEN DEL ROSARIO
973,ESC. BAS. 218 PROF.CANUTO DE JESUS BENITEZ
974,ESC. BAS. 219 ENRIQUE SOLANO LOPEZ
975,ESC. BAS. 21 DR. ENRIQUE L. PINHO
976,ESC. BAS. 2203 SAN JOSE
977,ESC. BAS. 221 CHACO PARAGUAYO
978,ESC. BAS. 2227 LA RESIDENTA
979,ESC. BAS. 2243 SARGENTO ISIDRO BAEZ
980,ESC. BAS. 225 DR. JUAN LEON MALLORQUIN
981,ESC. BAS. 226 ROBERTO SCHAERER
982,ESC. BAS. 228 DELFIN CHAMORRO
983,ESC. BAS. 229 JUAN PEDRO ESCALADA
984,ESC. BAS. 2309 SAN MIGUEL ARCANGEL
985,ESC. BAS. 234 GRAL. JOSE E. DIAZ
986,ESC. BAS. 2371 CNEL.D.E.M. FULVIO R. CUBILLA
987,ESC. BAS. 2375 DEFENSORES DEL CHACO
988,ESC. BAS. 2376 (12086) GRAL. DIV. ADRIAN JARA
989,ESC. BAS. 2385 CESAR ZOTTI
990,ESC. BAS. 2391 CHOFERES DEL CHACO
991,ESC. BAS. 240 GRAL. EUGENIO A. GARAY
992,ESC. BAS. 242 CARLOS FERNANDEZ
993,ESC. BAS. 243 PROF. ETELVINA S. DE ALVARENGA
994,ESC. BAS. 249 DON FRANCISCO R. CABRAL FERNAND
995,ESC. BAS. 24 REPUBLICA DOMINICANA
996,ESC. BAS. 251 JOSE D.GONZALEZ
997,ESC. BAS. 256 PBRO.JULIO C.DUARTE ORTELLADO
998,ESC. BAS. 2584 VIRGEN DEL ROSARIO
999,ESC. BAS. 25 CARLOS A. LOPEZ
1000,ESC. BAS. 2628 DR. JOSE GASPAR R. DE FRANCIA
1001,ESC. BAS. 2634 SANTA BARBARA
1002,ESC. BAS. 263 CPTAN. MAURICIO JOSE TROCHE
1003,ESC. BAS. 2644 VECINOS UNIDOS
1004,ESC. BAS. 2645 JUAN ANGEL BENITEZ
1005,ESC. BAS. 2647 SAN AGUSTIN
1006,ESC. BAS. 265
1007,ESC. BAS. 265 SAN ATANASIO
1008,ESC. BAS. 269 JULIO CORREA
1009,ESC. BAS. 26 GRAL. E. AQUINO
1010,ESC. BAS. 270 CARLOS ANTONIO LOPEZ
1011,ESC. BAS. 275 JUANA MARIA DE LARA
1012,ESC. BAS. 276 MARISCAL JOSE FELIX ESTIGARRIBIA
1013,ESC. BAS. 278 DR. RAUL PEÑA
1014,ESC. BAS. 279 DOÑA DIONISIA A.SOSA DE FRANCO
1015,ESC. BAS. 27 AGUSTIN F. DE PINEDO
1016,ESC. BAS. 280 PROF. CRISTOBAL PEREZ
1017,ESC. BAS. 281 DR.LUIS A.DE HERRERA
1018,ESC. BAS. 282 CNEL. FLORENTIN OVIEDO
1019,ESC. BAS. 286 DON PEDRO ANTONIO CARDENAS
1020,ESC. BAS. 288 JUAN E. O`LEARY
1021,ESC. BAS. 290 DEFENSORES DEL CHACO
1022,ESC. BAS. 2946 SANTA LIBRADA
1023,ESC. BAS. 2960 MIGUEL ANGEL RODRIGUEZ
1024,ESC. BAS. 2966 NTRA. SRA. DEL HUERTO
1025,ESC. BAS. 2971 SAN ROQUE G. DE SANTA CRUZ
1026,ESC. BAS. 2973 SAN ISIDRO LABRADOR
1027,ESC. BAS. 2975 AUGUSTO ROA BAS.TOS
1028,ESC. BAS. 2977 8 DE DICIEMBRE
1029,ESC. BAS. 2 CELSA SPERATTI
1030,ESC. BAS. 300 MAESTRO HERMINIO GIMENEZ
1031,ESC. BAS. 302 JUAN E.O`LEARY
1032,ESC. BAS. 307 RCA. DE VENEZUELA
1033,ESC. BAS. 310
1034,ESC. BAS. 314 PROF. FLORIA R. AGUERO DE D.
1035,ESC. BAS. 316 SAN LORENZO
1036,ESC. BAS. 3170 MARIA AUXILIADORA
1037,ESC. BAS. 3171 SAN RAMON
1038,ESC. BAS. 317 DR. PEDRO P. PEÑA
1039,ESC. BAS. 31 DON BRAULIO ZELADA
1040,ESC. BAS. 3223 P.S.P.STA.MARIA DEL CHACO
1041,ESC. BAS. 322 PROF. SILVIA MIRANDA DE CUETO
1042,ESC. BAS. 323 INMACULADA CONCEPCION
1043,ESC. BAS. 3278 VIRGEN DE CAACUPE
1044,ESC. BAS. 32 DON CARLOS ANTONIO LOPEZ
1045,ESC. BAS. 330 MARGARITA V.DE BIBOLINI
1046,ESC. BAS. 3318 DR. NICOLAS SARUBBI SALDIVAR (10463)
1047,ESC. BAS. 333 GRAL. EUGENIO A. GARAY
1048,ESC. BAS. 334 NIÑOS DE ACOSTA ÑU
1049,ESC. BAS. 3378 CHACORE
1050,ESC. BAS. 337 NIÑO JESUS DE PRAGA
1051,ESC. BAS. 3388 SOLDADOS MARTIRES DEL 2/3
1052,ESC. BAS. 3388 SOLDADOS MARTIRES DEL 2 y 3 DE FEBRERO
1053,ESC. BAS. 339 1° DE MARZO
1054,ESC. BAS. 3404 NIÑOS MARTIRES DE ACOSTA ÑU
1055,ESC. BAS. 3409 PRIV.SUBV.C.EDUC.VISTA ALEGRE
1056,ESC. BAS. 3410 SAGRADO CORAZON DE JESUS
1057,ESC. BAS. 3429 NIÑOS MARITRES DE ACOSTA ÑU
1058,ESC. BAS. 343 MANUEL ORTIZ GUERRERO
1059,ESC. BAS. 346 DR. WALTER ENRIQUE INSFRAN
1060,ESC. BAS. 3476-13025 P.ANTONIA AVEIRO DE CAMPUZANO
1061,ESC. BAS. 347 GRAL.BERNARDINO CABALLERO
1062,ESC. BAS. 351 LA RESIDENTA
1063,ESC. BAS. 353 PITIANTUTA
1064,ESC. BAS. 354 SAN BLAS
1065,ESC. BAS. 356 HEROES DEL CHACO
1066,ESC. BAS. 357 CNEL. ZOILO GONZALEZ
1067,ESC. BAS. 358 MAYOR ENRIQUE J. PLANAS
1068,ESC. BAS. 3620 SAN PEDRO
1069,ESC. BAS. 3649 SAN IGNACIO DE LOYOLA
1070,ESC. BAS. 3657 SANTA TERESA DE AVILA
1071,ESC. BAS. 3686 WALTER ZACARIAS ZARACHO
1072,ESC. BAS. 368 CNEL. JOSE MARIA ARGAÑA
1073,ESC. BAS. 3699 SAN AGUSTIN
1074,ESC. BAS. 36 CANTALICIO ESPINOLA
1075,ESC. BAS. 371 CABO 1º LISANDRO CABRAL
1076,ESC. BAS. 3726 SAN JOSE
1077,ESC. BAS. 3748 (12772) SAN JORGE
1078,ESC. BAS. 375 JUAN GREGORIO OLMEDO
1079,ESC. BAS. 3779 P.S. VILLA DE LAS MADRES
1080,ESC. BAS. 384 CPTAN.PEDRO JUAN CABALLERO
1081,ESC. BAS. 3881 SAN FRANCISCO DE ASIS
1082,ESC. BAS. 3886 SAN VICENTE DE PAUL DE FE Y A.
1083,ESC. BAS. 388 GRAL. BERNARDINO CABALLERO
1084,ESC. BAS. 391 VIRGEN DE LOS DOLORES
1085,ESC. BAS. 3923 ANIBAL DOLDAN GAONA
1086,ESC. BAS. 3937 SANTA ROSA DE LIMA (13864)
1087,ESC. BAS. 397 VICENTE IGNACIO ITURBE
1088,ESC. BAS. 398 DOÑA ANDREA C. SALINAS DE LOPEZ
1089,ESC. BAS. 39 J. H. PESTALOZZI
1090,ESC. BAS. 3 RCA. DEL BRASIL
1091,ESC. BAS. 4024 PRIMER INTENDENTE MUNICIPAL
1092,ESC. BAS. 4029 SANTA ROSA DE LIMA
1093,ESC. BAS. 403 PROF.QUINTINA PAREDES SILVA
1094,ESC. BAS. 406 PROF.BELERMINA A. DE FILIPPONI
1095,ESC. BAS. 408 AMADO BITTAR
1096,ESC. BAS. 4091 REINO DE ESPAÑA
1097,ESC. BAS. 4095 CURUZU FRANCISCO
1098,ESC. BAS. 409 REPUBLICA FEDERAL DE ALEMANIA
1099,ESC. BAS. 40 TTE. JOSE MARIA FARIÑA
1100,ESC. BAS. 411 SALTO DEL GUAIRA
1101,ESC. BAS. 415 MCAL. FRANCISCO SOLANO LOPEZ
1102,ESC. BAS. 4165 SOFIA MERCEDES ORUE DE GAONA
1103,ESC. BAS. 416 AGUSTIN BARRIOS
1104,ESC. BAS. 4172 (13014) MARIA ANTONIA LICO DE GALAT
1105,ESC. BAS. 4174 (13493) ANAHI
1106,ESC. BAS. 417 JUANA MARIA DE LARA
1107,ESC. BAS. 4182 (13305) VIRGEN DE FATIMA
1108,ESC. BAS. 4183 SAN FRANCISCO DE ASIS
1109,ESC. BAS. 4187 (14463) MUNICIPAL NO. 14
1110,ESC. BAS. 4190 SAN JUAN BAUTISTA
1111,ESC. BAS. 4195 HEROES DEL CHACO (MINIC. 4)
1112,ESC. BAS. 4199 MUNICIPAL 3 MARIA AUXILIADORA
1113,ESC. BAS. 41 PBRO. FIDEL MAIZ (134)
1114,ESC. BAS. 4200 (14244) MUNICIPAL NO. 6
1115,ESC. BAS. 4209 (14000) MARIA IRENE ALONSO
1116,ESC. BAS. 4210 (13023) ACOSTA ÑU
1117,ESC. BAS. 4213 SANTA LIBRADA
1118,ESC. BAS. 42 DOMINGO MARTINEZ DE IRALA
1119,ESC. BAS. 433 JOSE DE LA ESPERANZA ALVAREZ
1120,ESC. BAS. 434 JUAN EUDORO CACERES
1121,ESC. BAS. 437 RAMON I. CARDOZO
1122,ESC. BAS. 43 LIC. M. ELENA DELMAS DE PRIETO
1123,ESC. BAS. 4416 VIRGEN DE FATIMA
1124,ESC. BAS. 442 DELIA FRUTOS DE GONZALEZ
1125,ESC. BAS. 447 FRANCISCO MIRANDA
1126,ESC. BAS. 448 DIONISIO CABELLO
1127,ESC. BAS. 449 JUAN ALBERTO SAMANIEGO
1128,ESC. BAS. 450 CPTAN. JUAN ALBERTO ROA
1129,ESC. BAS. 4550 (14055)
1130,ESC. BAS. 4551 MAURICIO CARDOZO OCAMPO
1131,ESC. BAS. 4555 (14593)
1132,ESC. BAS. 456 PROCERES DE MAYO
1133,ESC. BAS. 457 MAGNA D. M. DE MARTINEZ
1134,ESC. BAS. 45 PROF. ADELA TORRES SANCHEZ
1135,ESC. BAS. 4602 12 DE ABRIL
1136,ESC. BAS. 460 DOÑA ROSA ISABEL P. DE ROMERO
1137,ESC. BAS. 4697 NUEVA ASUNCION
1138,ESC. BAS. 46 MAESTRO FERMIN LOPEZ
1139,ESC. BAS. 470 SAN ANTONIO DE PADUA
1140,ESC. BAS. 4733 (13104) P.S.COL.SAN MIGUEL GARICOITS
1141,ESC. BAS. 4743 ESC. MUNIC. VIRGEN DEL CARMEN
1142,ESC. BAS. 474 RCA. ITALIANA
1143,ESC. BAS. 4753 LOMAS VALENTINAS
1144,ESC. BAS. 4761 DE APLICACION SANTA CLARA
1145,ESC. BAS. 4774 PRIV. SUBV. SANTA CECILIA
1146,ESC. BAS. 477 DR. EDUARDO LOPEZ MOREIRA
1147,ESC. BAS. 4785 (15079) ESPIRITU SANTO
1148,ESC. BAS. 478 DR. ROBERTO L. PETIT
1149,ESC. BAS. 481 MCAL.FRANCISCO SOLANO LOPEZ
1150,ESC. BAS. 4822 PRIV.SUBV. ITA KA'AGUY
1151,ESC. BAS. 4823 (14476) SAN MIGUEL ARCANGEL
1152,ESC. BAS. 48 DR. VICTOR BOETTNER
1153,ESC. BAS. 4973 SAN JOSE
1154,ESC. BAS. 4978 SAN MIGUEL
1155,ESC. BAS. 4982 PARROQ. SUBV. SAN JOSE OBRERO
1156,ESC. BAS. 507 PROF. MERCEDES FERREIRA DE LEON
1157,ESC. BAS. 5082 - 14912 VIRGEN DE LOURDES (5082)
1158,ESC. BAS. 515 DEFENSORES DEL CHACO
1159,ESC. BAS. 5196 MARTIRES DE ACOSTA ÑU (5196)
1160,ESC. BAS. 5214 TRES DE MAYO
1161,ESC. BAS. 521 MCAL. JOSE F. ESTIGARRIBIA
1162,ESC. BAS. 5331 (10969) SAN RAFAEL ARCANGEL (5331)
1163,ESC. BAS. 5358 SAN ROQUE
1164,ESC. BAS. 5363 KATHRYN ELMA EPPERS
1165,ESC. BAS. 5432 SANTA CATALINA
1166,ESC. BAS. 5433 RAMON INDALECIO CARDOZO
1167,ESC. BAS. 5451 (13846) REPUBLICA ORIENTAL D
1168,ESC. BAS. 54 JOSE MARIA GOROSTIAGA
1169,ESC. BAS. 5547-14249 PRIV.SAN FRANCISCO DE A.
1170,ESC. BAS. 5549 (14781) MUNICIPAL MBOCAYATY
1171,ESC. BAS. 5582 (14436) SAN AGUSTIN
1172,ESC. BAS. 5589 (13995) SAN JUAN BAUTISTA
1173,ESC. BAS. 5590 (14009) NUESTRA SRA DEL HUERTO
1174,ESC. BAS. 5592 PARAGUAY JAPON
1175,ESC. BAS. 5596 SAN PEDRO Y SAN PABLO
1176,ESC. BAS. 5602 LA VICTORIA
1177,ESC. BAS. 5636 MUNIC. MARIA A. VIVEROS DE SOSA
1178,ESC. BAS. 5638 MUNIC. RVDO.PADRE DR.A.TERSTIEGE
1179,ESC. BAS. 5639 PRIV.SUBV.NTRA.SEÑORA DEL PILAR
1180,ESC. BAS. 572 JHON F. KENNEDY
1181,ESC. BAS. 575 DR. JUAN JOSE SOLER
1182,ESC. BAS. 5767 REPUBLICA DE ESPAÑA
1183,ESC. BAS. 578 DEFENSORES DEL CHACO
1184,ESC. BAS. 580 SAN SEBASTIAN
1185,ESC. BAS. 580 SAN SEBAS.TIAN
1186,ESC. BAS. 588 MCAL. FRANCISCO SOLANO LOPEZ
1187,ESC. BAS. 5909 PRIV. SUBV. CENTRO EDUC. ITA
1188,ESC. BAS. 5913 PRIV. SUBV. MARIA AUXILIADORA
1189,ESC. BAS. 598 DOMINGO SAVIO
1190,ESC. BAS. 59 PROF.LUCIA TAVAROZZI
1191,ESC. BAS. 5 GRAL. JOSE E. DIAZ
1192,ESC. BAS. 6038 P.S. CAACUPEMI DE FE Y ALEGRIA
1193,ESC. BAS. 605 BALDOMERO RIQUELME
1194,ESC. BAS. 6092 MARIA AUXILIADORA
1195,ESC. BAS. 6102 SAN MIGUEL
1196,ESC. BAS. 612 CERRO CORA
1197,ESC. BAS. 614 DR. JOSE. G. R. DE FRANCIA
1198,ESC. BAS. 6152 LA MERCED
1199,ESC. BAS. 6178 PRIV. NIÑO JESUS
1200,ESC. BAS. 617 VIRGEN STELLA MARIS
1201,ESC. BAS. 6180 AUGUSTO ROA BAS.TOS
1202,ESC. BAS. 6206 VIRGEN DE FATIMA
1203,ESC. BAS. 6254 SAN JUAN BAUTISTA
1204,ESC. BAS. 626 GRAL. ANDRES RODRIGUEZ
1205,ESC. BAS. 6278 SAN FRANCISCO DE SALES
1206,ESC. BAS. 6359 SAN ANTONIO
1207,ESC. BAS. 635 SAN JUAN BAUTISTA
1208,ESC. BAS. 6385 PRIV. SAN FRANCISCO DE ASIS
1209,ESC. BAS. 639 DR. EDUARDO LOPEZ MOREIRA
1210,ESC. BAS. 63 DR.PEDRO ZARZA ROA
1211,ESC. BAS. 643 DOLORES ACUÑA DE GARCIA
1212,ESC. BAS. 648 PROF. SIMEON RIVEROS
1213,ESC. BAS. 657 GRAL. BERNARDINO CABALLERO
1214,ESC. BAS. 658 AGUSTIN BARBOZA
1215,ESC. BAS. 65 REPUBLICA ARGENTINA
1216,ESC. BAS. 660 SAN FRANCISCO
1217,ESC. BAS. 664 PRIMER PDTE.CONST.DEL PARAGUAY
1218,ESC. BAS. 667 DR.CAYO ROMERO PEREIRA
1219,ESC. BAS. 6746 PORVENIR
1220,ESC. BAS. 681 PAI PEREZ
1221,ESC. BAS. 6831 PRIV. MUNICIPAL DE ÑEMBY
1222,ESC. BAS. 6860 MARIA DEL ROSARIO T. ARGUELLO
1223,ESC. BAS. 6865 RENACER
1224,ESC. BAS. 68 CARLOS ANTONIO LOPEZ
1225,ESC. BAS. 690 LA RESIDENTA
1226,ESC. BAS. 6914 SANTA ANA
1227,ESC. BAS. 6938 VIRGEN DEL CARMEN
1228,ESC. BAS. 6954 SAN CAYETANO
1229,ESC. BAS. 697 SGTO. CANDIDO SILVA
1230,ESC. BAS. 698 WENCESLAA ESCALADA
1231,ESC. BAS. 699 VICE PRESIDENTE SANCHEZ
1232,ESC. BAS. 6 DR. JOSE G. RODRIGUEZ DE FRANCIA
1233,ESC. BAS. 701 GRAL. ANDRES RODRIGUEZ
1234,ESC. BAS. 7036 LA ARBOLEDA
1235,ESC. BAS. 703 REPSA 2
1236,ESC. BAS. 705 MONS. ANGEL NICOLAS ACHA DUARTE
1237,ESC. BAS. 7086 EUSEBIO AYALA
1238,ESC. BAS. 7087 ¨EL BUEN SEMBRADOR¨
1239,ESC. BAS. 70 PROF. LUCIANO BORDON
1240,ESC. BAS. 710 DON CARLOS A. LOPEZ
1241,ESC. BAS. 711 NSTRA. SRA. DE LA MERCED
1242,ESC. BAS. 7125 MILNER BUEY CATALDO
1243,ESC. BAS. 71 LIBERTADOR SIMON BOLIVAR
1244,ESC. BAS. 7241 JUAN PABLO II
1245,ESC. BAS. 724 CRISTOBAL COLON
1246,ESC. BAS. 726
1247,ESC. BAS. 729 SAN FRANCISCO DE ASIS
1248,ESC. BAS. 7334 PRIV. SUBV. JESUS MARIA
1249,ESC. BAS. 733 JULIAN CABRERA
1250,ESC. BAS. 7370 MCAL. JOSE F. ESTIGARRIBIA
1251,ESC. BAS. 739 PEDRO DE LLAMAS
1252,ESC. BAS. 748 BIBIANO RAMIREZ
1253,ESC. BAS. 756 CARLOS ANTONIO LOPEZ
1254,ESC. BAS. 757 DOMINGO ROBLEDO
1255,ESC. BAS. 759 MARIA DURIS DE BOLF
1256,ESC. BAS. 76 GRAL. FULGENCIO YEGROS
1257,ESC. BAS. 772 MCAL. JOSE FELIX ESTIGARRIBIA
1258,ESC. BAS. 786 MARIA AUXILIADORA
1259,ESC. BAS. 78 RCA. DE NICARAGUA
1260,ESC. BAS. 792 ING. JAN L. HOECKLE
1261,ESC. BAS. 79 E.E.U.U. DE NORTE AMERICA
1262,ESC. BAS. 7 SOTERO COLMAN
1263,ESC. BAS. 802 DR.CESAR LOPEZ MOREIRA
1264,ESC. BAS. 805 DR. FACUNDO INSFRAN
1265,ESC. BAS. 806 INSP. MAYOR EUSEBIO FLORENTIN
1266,ESC. BAS. 807 MANUEL GONZALEZ
1267,ESC. BAS. 80 GRAL. JOSE E. DIAZ
1268,ESC. BAS. 810 R.I. 3 CORRALES
1269,ESC. BAS. 819 DR.JUAN PABLO ZARACHO FRANCO
1270,ESC. BAS. 820 JUAN BAUTISTA ACOSTA
1271,ESC. BAS. 821 CNEL. FELIPE TOLEDO
1272,ESC. BAS. 824 RVO. PADRE LUCIANO CESTAC
1273,ESC. BAS. 82 RCA. DE HONDURAS
1274,ESC. BAS. 830 SAN FRANCISCO DE ASIS
1275,ESC. BAS. 844 GRAL. BERNARDINO CABALLERO
1276,ESC. BAS. 845 GRAL. EUGENIO A. GARAY
1277,ESC. BAS. 848 SAN RAFAEL
1278,ESC. BAS. 854 DELFIN CHAMORRO
1279,ESC. BAS. 855 SAN ANTONIO DE PADUA
1280,ESC. BAS. 860 MAESTRO ANTONIO M. SILVA
1281,ESC. BAS. 862 SAN RAFAEL
1282,ESC. BAS. 868 PROF. CATALINO FLORES
1283,ESC. BAS. 897 PROF.FEDERICO ANACLETO CACERES
1284,ESC. BAS. 89 RCA. DE COSTA RICA
1285,ESC. BAS. 902 SAN JUAN BAUTISTA
1286,ESC. BAS. 90 DON MANUEL ANTONIO ENCISO
1287,ESC. BAS. 92 SAN MIGUEL
1288,ESC. BAS. 932 ING. AGM. HERNANDO BERTONI
1289,ESC. BAS. 942 SAN CARLOS
1290,ESC. BAS. 944 PAPA JUAN XXIII
1291,ESC. BAS. 945 DON JUAN RAMIREZ
1292,ESC. BAS. 959 MERCEDES IBARRA
1293,ESC. BAS. 962 DOÑA FRANCISCA ELOISA DUARTE
1294,ESC. BAS. 970 REPUBLICA ALEMANA
1295,ESC. BAS. 984 GRAL.BERNARDINO CABALLERO
1296,ESC. BAS. 9 ADELA SPERATTI
1297,ESC. BAS.C. 2063 SAN MIGUEL ARCANGEL
1298,ESC. BAS.C. 551 LIC. EVE L. TALAVERA RICHER
1299,ESC. BAS.C. 808 DR. BERNARDO OCAMPOS
1300,ESC. BAS.C. TOMASA F. DE MEZA CRE SATURIO RIOS
1301,ESC. BASICA N° 7513 'INMACULADA CONCEPCION'
1302,ESC. BAS. Nº 6566 12 DE JUNIO
1303,ESC. BAS. PRIV. SUBV. Nº 4868 SAGRADA FAMILIA
1304,ESC. BAS. P. S. SALES. 479 DON BOSCO
1305,ESC. BAS. P.S. SALES. 4905 SAN LUIS (4905)
1306,ESC. BAS. P. SUBV. 1054 VILLA SAN FRANCISCO
1307,ESC. DE ARTES Y OFICIOS PIO XII
1308,ESC. ESP. 11
1309,ESC. ESP. 1 RECUP.PEDAGOGICA MAXIMO ARELLANO
1310,ESC. ESP. 4 R. DE CIEGOS Y D. VIS. STA. LUCIA
1311,ESC. ESP. 6 FONOAUD. R.PEÑA-PARAGUAY-URUGUAY
1312,ESC.ESP. 7 INST.DE N. SORDOS ANTONIO PROVOLO
1313,ESC. ESPEC. 17 DESPERTAR
1314,ESC. ESPECIAL NO. 13 CLUB DE LEONES
1315,ESC. ESP. NO. 2 DIFERENCIAL JOHN F. KENNEDY
1316,"ESC. FRANKLIN ROOSEVELT, CENTRO REGIONAL EDUCATIVO SATURIO RIOS"
1317,ESC. INTEGRADA EIRETE
1318,ESC. NAC. DE COMERCIO
1319,ESC. NAC. DE COMERCIO CARLOS ANTONIO LOPEZ
1320,ESC. NAC. DE COMERCIO CERRO CORA
1321,ESC. NAC. DE COMERCIO DR. RAUL PEÑA
1322,ESC. NAC. DE COMERCIO GRAL. BERNARDINO CABALLERO
1323,ESC. NAC. DE COMERCIO HEROES DEL CHACO
1324,ESC. NAC. DE COMERCIO LA PALOMA
1325,ESC. NAC. DE COMERCIO MONS. PASTOR BOGARIN
1326,ESC. NAC. DE COMERCIO NO. 1 ALFONSO B. CAMPOS
1327,ESC. NAC. DE COMERCIO NO. 2
1328,ESC. NAC. DE COMERCIO NO. 3 RCA. DEL PERU
1329,ESC. NAC. DE EDUCACION FISICA (E.N.E.F)
1330,ESC. SALESIANA BAS. 1035 PS STO.DOMINGO SAVIO
1331,ESC. TECN. GRAL. BRUGUEZ
1332,ESCUELA BASICA Nº 7269 'PADRE JOSE M. VELAZ'
1333,ESCUELA GRADUADA 7601 'PROF. BERNARDINA I. RO
1334,ESCUELA PRIVADA 6049 'SANTA CLARA'
1335,I.F.D. DE  EUSEBIO AYALA
1336,I.F.D. NTRA. SRA. DE LA ASUNCION
1337,INGRESOS - RECURSOS INSTITUCIONALES
1338,INS.NACIONAL DE PROTECC. A PERS. EXCEPCIONALES (INPRO)
1339,INST. DE FORM. DOC. GRAL.DIV. JUAN A. CACERES
1340,INSTITUTO DE ENSEÑANZA VILLA AURELIA
1341,INSTITUTO DE FORMACION DOCENTE
1342,INSTITUTO DE FORMACION DOCENTE PARAGUARÍ
1343,INSTITUTO DE FORMACION DOCENTE 'SAN JOSE DE LOS ARROYOS'
1344,INSTITUTO DE FORM.DOC. PROFESIONAL LADISLAA L. GONZALEZ
1345,INSTITUTO DE LINGUISTICA GUARANI
1346,INSTITUTO PROFESIONAL 1 NTRA. SRA. DE LA ASUNCION
1347,INSTITUTO PROFESIONAL EL PORVENIR FEMENINO
1348,INSTITUTO PROFESIONAL GASPAR A. GARCETE
1349,INSTITUTO PROFESIONAL GRAL. BERNARDINO CABALLERO
1350,INSTITUTO PROFESIONAL SAN VICENTE DE PAUL
1351,INSTITUTO PROFESIONAL TEC. VOCAC. SANTA BERNARDITA
1352,INSTITUTO SUPERIOR DE BELLAS ARTES
1353,INST.SUP. DE EDUCAC. DR. RAUL PEÑA
1354,JARDIN DE INFANTES Y PRE ESCOLAR 166 B. CABALLERO - F.R.O.S.E.P.
1355,JARDIN DE INFANTES Y PRE ESCOLAR 505 CEBINFA MADRE TERESA DE CALCUTA
1356,LIC. CERRITO II
1357,LIC. ISLA YBATE
1358,LIC. MARIA AUXILIADORA
1359,LIC. NAC.
1360,LIC. NAC. 21 DE JULIO
1361,LIC. NAC. AGUAPETY
1362,LIC. NAC. ALBORADA
1363,LIC. NAC. AVELINO LOPEZ
1364,LIC. NAC. BUENAVENTURA AYALA AMARILLA
1365,LIC. NAC. CAMBA CUA
1366,LIC. NAC. CNEL. PANCHITO LOPEZ
1367,LIC. NAC. CRISTO REY
1368,LIC. NAC. CURUZU ÑU
1369,LIC. NAC. DEFENSORES DEL CHACO
1370,LIC. NAC. DE MOISES BERTONI
1371,LIC. NAC. DE ÑUYAJHU GUAZU
1372,LIC. NAC. DE SAN PEDRO
1373,LIC. NAC. DON BIENVENIDO OSORIO
1374,LIC. NAC. DR. BOTRELL
1375,LIC. NAC. EMILIANO R. FERNANDEZ
1376,LIC. NAC. ENRAMADITA
1377,LIC. NAC. ENSENADA
1378,LIC. NAC. FELIX FERNANDEZ
1379,LIC. NAC. INMACULADA CONCEPCION
1380,LIC. NAC. IRUÑA
1381,LIC. NAC. JHUGUA JHU
1382,LIC. NAC. JUAN CANCIO FLECHA
1383,LIC. NAC. JUAN XXIII
1384,LIC. NAC. JULIO CORREA
1385,LIC. NAC. LA ESPERANZA
1386,LIC. NAC. MARIA AUXILIADORA
1387,LIC. NAC. MAYOR ALCIDES M. OVIEDO
1388,LIC. NAC. MBURICARETA
1389,LIC. NAC. MONS.ALEJO OVELAR
1390,LIC. NAC. NVA. AUSTRALIA
1391,LIC. NAC. PADRE BERNARDINO ALVARENGA S.
1392,LIC. NAC. PANCHITO LOPEZ
1393,LIC. NAC. PUERTO GUARANI
1394,LIC. NAC. R. I. 6 BOQUERON
1395,LIC. NAC. RVDO. PADRE GUIDO CORONEL
1396,LIC. NAC. SAGRADA FAMILIA
1397,LIC. NAC. SAGRADO CORAZON DE JESUS
1398,LIC. NAC. SAN AGUSTIN
1399,LIC. NAC. SAN ANTONIO
1400,LIC. NAC. SAN BLAS
1401,LIC. NAC. SAN JOSE
1402,LIC. NAC. SAN JUAN
1403,LIC. NAC. SAN MIGUEL
1404,LIC. NAC. SAN PEDRO
1405,LIC. NAC.SAN PEDRO
1406,LIC. NAC. SAN PEDRO MI
1407,LIC. NAC. SAN ROQUE
1408,LIC. NAC. SAN ROQUE G.DE STA.CRUZ
1409,LIC. NAC. SANTA ANA
1410,LIC. NAC. SANTA CLARA
1411,LIC. NAC. SANTA ROSA
1412,LIC. NAC. SANTA ROSA DE LIMA
1413,LIC. NAC. SANTA ROSALIA
1414,LIC. NAC. STA. CATALINA
1415,LIC. NAC. STA. ELENA
1416,LIC. NAC. TEC. AGROPECUARIO RCA. DE FRANCIA
1417,LIC. NAC. TTE. ROJAS SILVA
1418,LIC. NAC. VIRGEN DE LOURDES
1419,LIC. NAC. YACUTY
1420,LIC. NAC. ZOLABARRIETA
1421,LIC. PARROQ. SANTA MARIA DEL CHACO
1422,LIC. PRIV. PARROQ. NTRA. SRA. DE LORETO
1423,LIC. PRIV. SAN ISIDRO LABRADOR
1424,LIC. PRIV. SANTIAGO CORTESI
1425,LIC. PRIV SUBV. MONS. PEDRO SHAW
1426,LIC. PRIV. SUBV. NTRA.SRA. DE LA ASUNCION
1427,MUSEO GENERAL BERNARDINO CABALLERO
1428,OFICINA DE PRENSA
1429,OFICINA DE SUPERVISION
1430,OFICINA DE SUPERVISION ADMINISTRATIVA.
1431,OFICINA DE SUPERVISION DE EDUCACION PERMANENTE
1432,OFICINA DE SUPERVISION DE ESCUELAS PRIMARIAS
1433,OFICINA DE SUPERVISION IND. - ZONA A
1434,OFICINA DE SUPERVISION IND. - ZONA B
1435,PERSONAL CONTRATADO
1436,PRIMERA ESCUELA PARAGUAYA DE SORDOS
1437,REGENCIA DE COL.S OFICIALES
1438,SECCION CONTROL DE CALIDAD
1439,SECCION DE MANTENIMIENTO DE EDIFICIOS
1440,SECCION DE PROYECTOS Y OBRAS
1441,SECCION EJECUC. Y EVALUAC. PRESUPUESTARIA
1442,SECRETARIA GENERAL DEL MEC
1443,SECRETARIA GENERAL DEL VICEMINISTERIO DE CULTURA
1444,SEDE TUT. DE BACH. EN E.M. DE J. Y A. 10
1445,SEDE TUT. DE BACH. EN E.M. DE J. Y A. 107
1446,SEDE TUT. DE BACH. EN E.M. DE J. Y A. 117
1447,SEDE TUT. DE BACH. EN E.M. DE J. Y A. 18
1448,SEDE TUT. DE BACH. EN E.M. DE J. Y A. 25
1449,SEDE TUT. DE BACH. EN E.M. DE J. Y A. 27
1450,SEDE TUT. DE BACH. EN E.M. DE J. Y A. 32
1451,SEDE TUT. DE BACH. EN E.M. DE J. Y A. 47
1452,SEDE TUT. DE BACH. EN E.M. DE J. Y A. 49
1453,SEDE TUT. DE BACH. EN E.M. DE J. Y A. 56
1454,SEDE TUT. DE BACH. EN E.M. DE J. Y A. 67
1455,SEDE TUT. DE BACH. EN E.M. DE J. Y A. 8
1456,SEDE TUT. DE BACH. EN E.M. DE J. Y A. 90
1457,SEDE TUT. DE BACH. EN E.M. DE J. Y A. Nº 133
1458,SEDE TUTORIAL 24 CARLOS ANTONIO LOPEZ
1459,SUB-SECRETARIA DE ESTADO DE EDUCACION
1460,SUP. DE APOYO TEC. PEDAGOGICO EI-EEB.ZE
1461,SUP DE APOYO Y CONTROL ADMINISTRATIVO
1462,SUPERV. DE APOYO TECNICO PEDADOGICO
1463,SUPERV. DE APOYO TECNICO PEDAGOGICO
1464,SUPERV. DE APOYO TECNICO PEDAGOGICO REGION 9
1465,SUPERV. DE APOYO TECNICO PEDAG. ZONA 'A'
1466,SUPERV. DE APOY. TEC. PEDAG. EDUC. PERMANENTE
1467,SUPERV. DE APOY. TEC. PEDAG. EJA ZE N3
1468,SUPERV. DE APOY. TEC. PEDAGOGICO NIVEL '2'
1469,SUPERV. DE CONTROL Y APOY. TEC. PEDAGOGICO
1470,SUPERVISION ADMINISTRATIVA Y PEDAGOGICA - EDUCACION INDIGENA
1471,SUPERVISION ADMINISTRATIVA Y PEDAGOGICA - EDUCACION INDIGENA ZONA '10
1472,SUPERVISION DE APOYO TECNICO ADMINISTRATIVO
1473,SUPERVISION DE APOYO TECNICO PEDAGOGICO
1474,SUPERVISION DE APOYO TECNICO PEDAGOGICO - EDUCACION INDIGENA
1475,SUPERVISION DE APOYO TECNICO PEDAGOGICO -  R10 ZONA '23' NIVEL 1
1476,SUPERVISION DE APOYO TECNICO PEDAGOGICO -  R11 ZONA '25' NIVEL 1 Y 2
1477,SUPERVISION DE APOYO TECNICO PEDAGOGICO -  R14 ZONA '32' NIVEL 1
1478,SUPERVISION DE APOYO TECNICO PEDAGOGICO -  R14 ZONA '33' NIVEL 1
1479,SUPERVISION DE APOYO TECNICO PEDAGOGICO -  R14 ZONA '35' NIVEL 3
1480,"SUPERVISION DE APOYO TECNICO PEDAGOGICO -  R14 ZONA 'B' NIVEL 1, 2 Y 3"
1481,SUPERVISION DE APOYO TECNICO PEDAGOGICO -  R15 ZONA '38' NIVEL 1
1482,"SUPERVISION DE APOYO TECNICO PEDAGOGICO -  R15 ZONA 'A' NIVEL 1, 2 Y 3"
1483,"SUPERVISION DE APOYO TECNICO PEDAGOGICO -  R16 ZONA 'A' NIVEL 1, 2 Y 3"
1484,SUPERVISION DE APOYO TECNICO PEDAGOGICO -  R1 y 3 ZONA 'B' NIVEL 1
1485,SUPERVISION DE APOYO TECNICO PEDAGOGICO -  R1 y 3 ZONA 'E' NIVEL 2
1486,SUPERVISION DE APOYO TECNICO PEDAGOGICO -  R1 ZONA '3' NIVEL 3
1487,SUPERVISION DE APOYO TECNICO PEDAGOGICO -  R1 ZONA 'A' NIVEL 1
1488,"SUPERVISION DE APOYO TECNICO PEDAGOGICO -  R1 ZONA 'A' NIVEL 1, 2 Y 3"
1489,SUPERVISION DE APOYO TECNICO PEDAGOGICO -  R1 ZONA 'A' NIVEL 1 Y 2
1490,SUPERVISION DE APOYO TECNICO PEDAGOGICO -  R1 ZONA 'A' NIVEL 2
1491,SUPERVISION DE APOYO TECNICO PEDAGOGICO -  R1 ZONA 'B' NIVEL 1
1492,"SUPERVISION DE APOYO TECNICO PEDAGOGICO -  R1 ZONA 'B' NIVEL 1, 2 Y 3"
1493,SUPERVISION DE APOYO TECNICO PEDAGOGICO -  R1 ZONA 'B' NIVEL 1 Y 2
1494,SUPERVISION DE APOYO TECNICO PEDAGOGICO -  R1 ZONA 'C' NIVEL 1
1495,SUPERVISION DE APOYO TECNICO PEDAGOGICO -  R1 ZONA 'C' NIVEL 2
1496,SUPERVISION DE APOYO TECNICO PEDAGOGICO -  R1 ZONA 'D' NIVEL 1 Y 2
1497,SUPERVISION DE APOYO TECNICO PEDAGOGICO -  R1 ZONA 'D' NIVEL 3
1498,SUPERVISION DE APOYO TECNICO PEDAGOGICO -  R2 ZONA '4' NIVEL 1
1499,SUPERVISION DE APOYO TECNICO PEDAGOGICO -  R2 ZONA 'A' NIVEL 1
1500,"SUPERVISION DE APOYO TECNICO PEDAGOGICO -  R2 ZONA 'A' NIVEL 1, 2 Y 3"
1501,SUPERVISION DE APOYO TECNICO PEDAGOGICO -  R2 ZONA 'A' NIVEL 1 Y 2
1502,SUPERVISION DE APOYO TECNICO PEDAGOGICO -  R2 ZONA 'B' NIVEL 1 Y 2
1503,SUPERVISION DE APOYO TECNICO PEDAGOGICO -  R2 ZONA 'C' NIVEL 1
1504,SUPERVISION DE APOYO TECNICO PEDAGOGICO -  R2 ZONA 'C' NIVEL 1 Y 2
1505,SUPERVISION DE APOYO TECNICO PEDAGOGICO -  R3 ZONA '1' NIVEL 3
1506,SUPERVISION DE APOYO TECNICO PEDAGOGICO -  R3 ZONA 'A' NIVEL 1
1507,SUPERVISION DE APOYO TECNICO PEDAGOGICO -  R3 ZONA 'A' NIVEL 1 y  2
1508,SUPERVISION DE APOYO TECNICO PEDAGOGICO -  R3 ZONA 'B' NIVEL 1
1509,SUPERVISION DE APOYO TECNICO PEDAGOGICO -  R3 ZONA 'B' NIVEL 1 Y 2
1510,SUPERVISION DE APOYO TECNICO PEDAGOGICO -  R3 ZONA 'C' NIVEL 2
1511,SUPERVISION DE APOYO TECNICO PEDAGOGICO [R3] ZONA C NIVEL 2
1512,SUPERVISION DE APOYO TECNICO PEDAGOGICO -  R4 ZONA '5' NIVEL 1
1513,SUPERVISION DE APOYO TECNICO PEDAGOGICO -  R4 ZONA '6' NIVEL 1 Y 3
1514,SUPERVISION DE APOYO TECNICO PEDAGOGICO -  R4 ZONA 'A' NIVEL 1
1515,"SUPERVISION DE APOYO TECNICO PEDAGOGICO -  R4 ZONA 'A' NIVEL 1, 2 Y 3"
1516,"SUPERVISION DE APOYO TECNICO PEDAGOGICO -  R4 ZONA 'B,C' NIVEL 2 Y 3"
1517,SUPERVISION DE APOYO TECNICO PEDAGOGICO -  R4 ZONA 'C' NIVEL 1 Y 2
1518,SUPERVISION DE APOYO TECNICO PEDAGOGICO -  R4 ZONA 'C' NIVEL 3
1519,SUPERVISION DE APOYO TECNICO PEDAGOGICO -  R5 ZONA '10' NIVEL 1
1520,SUPERVISION DE APOYO TECNICO PEDAGOGICO -  R5 ZONA '7' NIVEL 1
1521,SUPERVISION DE APOYO TECNICO PEDAGOGICO -  R5 ZONA 'A' NIVEL 1
1522,SUPERVISION DE APOYO TECNICO PEDAGOGICO -  R5 ZONA 'B' NIVEL 1
1523,SUPERVISION DE APOYO TECNICO PEDAGOGICO -  R5 ZONA 'C' NIVEL 2
1524,SUPERVISION DE APOYO TECNICO PEDAGOGICO -  R6 ZONA '14' NIVEL 2
1525,SUPERVISION DE APOYO TECNICO PEDAGOGICO -  R6 ZONA 'A' NIVEL 1
1526,"SUPERVISION DE APOYO TECNICO PEDAGOGICO -  R7 ZONA 'ABC' NIVEL 1, 2 Y 3"
1527,"SUPERVISION DE APOYO TECNICO PEDAGOGICO -  R7 ZONA 'A' NIVEL 1, 2 Y 3"
1528,SUPERVISION DE APOYO TECNICO PEDAGOGICO -  R8 ZONA '16' NIVEL 1
1529,SUPERVISION DE APOYO TECNICO PEDAGOGICO -  R9 ZONA '19' NIVEL 1
1530,SUPERVISION DE APOYO TECNICO PEDAGOGICO -  R9 ZONA '21' NIVEL 2
1531,"SUPERVISION DE APOYO TECNICO PEDAGOGICO -  R9 ZONA 'A' NIVEL 1, 2 Y 3"
1532,SUPERVISION DE APOYO Y CONTROL ADMINISTRATIVO
1533,SUPERVISION DE CONTROL Y APOYO ADMINISTRATIVO
1534,SUPERVISION DE CONTROL Y APOYO ADMINISTRATIVO - EDUCACION INDIGENA
1535,SUPERVISION DE CONTROL Y APOYO ADMINISTRATIVO - R1
1536,SUPERVISION DE CONTROL Y APOYO ADMINISTRATIVO -  R1
1537,SUPERVISION DE CONTROL Y APOYO ADMINISTRATIVO -  R10
1538,SUPERVISION DE CONTROL Y APOYO ADMINISTRATIVO -  R12
1539,SUPERVISION DE CONTROL Y APOYO ADMINISTRATIVO -  R13
1540,SUPERVISION DE CONTROL Y APOYO ADMINISTRATIVO -  R14
1541,SUPERVISION DE CONTROL Y APOYO ADMINISTRATIVO -  R15
1542,SUPERVISION DE CONTROL Y APOYO ADMINISTRATIVO -  R1 y 2
1543,SUPERVISION DE CONTROL Y APOYO ADMINISTRATIVO - R2
1544,SUPERVISION DE CONTROL Y APOYO ADMINISTRATIVO -  R2
1545,SUPERVISION DE CONTROL Y APOYO ADMINISTRATIVO - R3
1546,SUPERVISION DE CONTROL Y APOYO ADMINISTRATIVO -  R3
1547,SUPERVISION DE CONTROL Y APOYO ADMINISTRATIVO - R4
1548,SUPERVISION DE CONTROL Y APOYO ADMINISTRATIVO -  R4
1549,SUPERVISION DE CONTROL Y APOYO ADMINISTRATIVO - R5
1550,SUPERVISION DE CONTROL Y APOYO ADMINISTRATIVO -  R5
1551,SUPERVISION DE CONTROL Y APOYO ADMINISTRATIVO -  R6
1552,SUPERVISION DE CONTROL Y APOYO ADMINISTRATIVO -  R7
1553,SUPERVISION DE CONTROL Y APOYO ADMINISTRATIVO -  R8
1554,SUPERVISION DE CONTROL Y APOYO ADMINISTRATIVO -  R9
1555,SUPERVISION DE CONT. Y APOY. ADMINISTRATIVO - R5
1556,SUPERVISION DE EDUCACION PERMANENTE
1557,SUPERVISION EDUCATIVA
1558,SUPERVISION PEDAGOGICA
1559,SUPERVISION TECNICO PEDADOGICO
1560,SUPERVISON DE CONTROL Y APOY. ADMINISTRATIVO
1561,SUPERV. PEDAG. NIVEL '2' ZONA 'A'
1562,SUPEVISION DE APOYO TECNICO PEDAGOGICO
1563,UCP - MEC - BID
1564,UNIDAD COORDINADORA DE PROGRAMAS MEC/BID
1565,UNIDAD DE DOCUMENTACION Y PUBLICACION
1566,UNIDAD DEPARTAMENTAL DE ESTADISTICA
1567,VICEMINISTERIO DE CULTO
1568,VICEMINISTERIO DE EDUCACION
1569,VICEMINISTERIO DE EDUCACION P/ LA GEST. EDUCATIVA
1570,VICEMINISTERIO DE EDUCACION SUPERIOR
1571,VICEMINISTERIO DE EDUC. PARA EL DESARROLLO EDUCATIVO
1572,VICEMINISTERIO DE LA JUVENTUD
1573,
